,Final_year,Final_month,Final_day
0,2018,6,25
1,2018,6,18
2,2018,6,9
3,2018,6,8
4,2018,6,4
5,2018,6,3
6,2018,6,3
7,2018,5,27
8,2018,5,26
9,2018,5,26
10,2018,5,24
11,2018,5,21
12,2018,5,13
13,2018,5,13
14,2018,0,20
15,2018,5,12
16,2018,5,9
17,2018,4,30
18,2018,4,28
19,2018,4,28
20,2018,4,25
21,2018,4,25
22,2018,4,24
23,2018,4,23
24,2018,4,22
25,2018,4,19
26,2018,4,15
27,2018,4,15
28,2018,4,15
29,2018,4,15
30,2018,4,14
31,2018,4,10
32,2018,4,9
33,2018,4,5
34,2018,4,3
35,2018,3,31
36,2018,3,14
37,2018,0,20
38,2018,0,20
39,2018,2,24
40,2018,2,23
41,2018,2,18
42,2018,2,15
43,2018,2,14
44,2018,2,11
45,2018,2,3
46,2018,2,1
47,2018,1,28
48,2018,1,21
49,2018,1,14
50,2018,1,13
51,2018,1,12
52,2018,1,5
53,2017,12,31
54,2017,12,30
55,2017,12,21
56,2017,12,9
57,2017,11,30
58,2017,11,30
59,2017,11,25
60,2017,11,24
61,2017,11,18
62,2017,11,13
63,2017,11,13
64,2017,11,4
65,2017,10,31
66,2017,10,28
67,2017,10,26
68,2017,10,23
69,2017,10,23
70,2017,10,23
71,2017,10,22
72,2017,10,21
73,2017,10,18
74,2017,10,9
75,2017,10,5
76,2017,10,1
77,2017,9,25
78,2017,9,25
79,2017,9,24
80,2017,9,24
81,2017,9,20
82,2017,9,16
83,2017,9,16
84,2017,9,15
85,2017,9,15
86,2017,0,20
87,2017,9,13
88,2017,9,10
89,2017,9,10
90,2017,9,6
91,2017,9,3
92,2017,9,3
93,2017,9,2
94,2017,9,2
95,2017,9,2
96,2017,8,29
97,2017,8,27
98,2017,8,26
99,2017,8,26
100,2017,8,23
101,2017,8,18
102,2017,8,10
103,2017,8,5
104,2017,8,3
105,2017,8,1
106,2017,7,31
107,2017,7,29
108,2017,7,29
109,2017,7,27
110,2017,7,26
111,2017,7,24
112,2017,7,23
113,2017,7,23
114,2017,7,22
115,2017,7,20
116,2017,7,20
117,2017,7,20
118,2017,7,14
119,2017,7,14
120,2017,7,11
121,2017,7,9
122,2017,7,7
123,2017,7,7
124,2017,7,2
125,2017,6,29
126,2017,6,21
127,2017,6,19
128,2017,6,18
129,2017,6,18
130,2017,6,17
131,2017,0,20
132,2017,6,14
133,2017,6,11
134,2017,6,10
135,2017,6,10
136,2017,6,7
137,2017,6,4
138,2017,6,2
139,2017,5,30
140,2017,5,28
141,2017,5,27
142,2017,5,12
143,2017,5,6
144,2017,5,5
145,2017,5,3
146,2017,4,29
147,2017,4,29
148,2017,4,29
149,2017,4,29
150,2017,4,27
151,2017,4,26
152,2017,4,22
153,2017,4,20
154,2017,4,17
155,2017,4,17
156,2017,4,14
157,2017,4,13
158,2017,4,12
159,2017,4,12
160,2017,4,11
161,2017,4,10
162,2017,4,10
163,2017,4,6
164,2017,4,5
165,2017,4,2
166,2017,4,2
167,2017,3,27
168,2017,3,19
169,2017,3,18
170,2017,3,11
171,2017,3,9
172,2017,2,25
173,2017,2,24
174,2017,2,21
175,2017,2,17
176,2017,2,11
177,2017,2,6
178,2017,2,6
179,2017,2,1
180,2017,2,1
181,2017,1,24
182,2017,1,22
183,2017,1,21
184,2017,1,13
185,2017,1,13
186,2017,1,9
187,2017,1,8
188,2017,1,5
189,2017,1,3
190,2016,12,27
191,2016,12,24
192,2016,12,19
193,2016,12,14
194,2016,12,11
195,2016,12,11
196,2016,12,6
197,2016,12,1
198,2016,11,28
199,2016,11,14
200,2016,10,30
201,2016,10,29
202,2016,10,24
203,2016,10,21
204,2016,10,15
205,2016,10,14
206,2016,10,13
207,2016,10,12
208,2016,10,10
209,2016,10,2
210,2016,10,1
211,2016,9,26
212,2016,9,18
213,2016,9,18
214,2016,9,18
215,2016,9,17
216,2016,9,17
217,2016,9,16
218,2016,9,15
219,2016,9,11
220,2016,9,7
221,2016,9,6
222,2016,9,5
223,2016,9,5
224,2016,9,4
225,2016,9,1
226,2016,0,20
227,2016,8,29
228,2016,8,29
229,2016,8,27
230,2016,8,25
231,2016,8,7
232,2016,8,6
233,2016,8,4
234,2016,7,29
235,2016,7,28
236,2016,7,28
237,2016,7,27
238,2016,7,26
239,2016,7,24
240,2016,7,23
241,2016,7,23
242,2016,7,20
243,2016,7,17
244,2016,7,16
245,2016,7,16
246,2016,7,15
247,2016,7,15
248,2016,7,14
249,2016,7,8
250,2016,7,8
251,2016,7,7
252,2016,7,7
253,2016,7,6
254,2016,7,4
255,2016,6,27
256,2016,6,25
257,2016,6,24
258,2016,6,23
259,2016,6,21
260,2016,6,21
261,2016,6,15
262,2016,6,15
263,2016,6,14
264,2016,6,11
265,2016,6,7
266,2016,6,5
267,2016,6,5
268,2016,6,4
269,2016,6,2
270,2016,6,2
271,2016,5,31
272,2016,5,29
273,2016,5,29
274,2016,5,22
275,2016,5,21
276,2016,5,21
277,2016,5,18
278,2016,5,15
279,2016,5,3
280,2016,5,2
281,2016,4,25
282,2016,4,23
283,2016,4,22
284,2016,4,19
285,2016,4,18
286,2016,4,18
287,2016,4,13
288,2016,4,9
289,2016,4,8
290,2016,4,7
291,2016,4,7
292,2016,3,31
293,2016,3,30
294,2016,3,28
295,2016,3,28
296,2016,3,26
297,2016,3,13
298,2016,3,11
299,2016,3,10
300,2016,3,4
301,2016,3,3
302,2016,3,2
303,2016,2,22
304,2016,2,19
305,2016,2,12
306,2016,2,10
307,2016,2,10
308,2016,2,5
309,2016,2,4
310,2016,2,2
311,2016,1,29
312,2016,1,28
313,2016,1,25
314,2016,1,24
315,2016,1,24
316,2016,1,23
317,2016,1,11
318,2016,1,5
319,2016,1,2
320,2015,12,26
321,2015,12,25
322,2015,12,22
323,2015,12,21
324,2015,12,21
325,2015,12,19
326,2015,12,13
327,2015,12,11
328,2015,12,8
329,2015,11,20
330,2015,11,16
331,2015,11,15
332,2015,11,15
333,2015,11,10
334,2015,11,7
335,2015,11,3
336,2015,11,1
337,2015,11,1
338,2015,10,30
339,2015,10,28
340,2015,10,25
341,2015,10,21
342,2015,10,19
343,2015,10,17
344,2015,10,17
345,2015,10,17
346,2015,10,13
347,2015,10,9
348,2015,10,9
349,2015,10,8
350,2015,10,7
351,2015,10,5
352,2015,10,5
353,2015,10,4
354,2015,9,29
355,2015,9,26
356,2015,9,24
357,2015,9,20
358,2015,9,20
359,2015,9,20
360,2015,9,20
361,2015,9,19
362,2015,9,18
363,2015,9,17
364,2015,9,8
365,2015,9,6
366,2015,9,5
367,2015,9,4
368,2015,9,3
369,2015,9,1
370,2015,0,20
371,2015,8,29
372,2015,8,29
373,2015,8,22
374,2015,8,22
375,2015,8,20
376,2015,8,19
377,2015,8,18
378,2015,8,18
379,2015,8,10
380,2015,7,31
381,2015,7,28
382,2015,7,27
383,2015,7,26
384,2015,7,26
385,2015,7,25
386,2015,7,23
387,2015,7,23
388,2015,7,22
389,2015,7,19
390,2015,7,10
391,2015,7,8
392,2015,7,6
393,2015,7,4
394,2015,7,4
395,2015,7,3
396,2015,7,2
397,2015,7,1
398,2015,6,30
399,2015,6,30
400,2015,6,27
401,2015,6,27
402,2015,6,26
403,2015,6,26
404,2015,6,26
405,2015,6,25
406,2015,6,25
407,2015,6,24
408,2015,6,24
409,2015,6,23
410,2015,6,19
411,2015,6,17
412,2015,6,14
413,2015,6,14
414,2015,6,13
415,2015,6,11
416,2015,6,7
417,2015,6,5
418,2015,6,1
419,2015,5,29
420,2015,5,29
421,2015,5,25
422,2015,5,24
423,2015,0,20
424,2015,5,15
425,2015,5,9
426,2015,5,7
427,2015,5,3
428,2015,5,2
429,2015,4,29
430,2015,4,26
431,2015,4,25
432,2015,6,24
433,2015,4,13
434,2015,4,12
435,2015,4,11
436,2015,4,3
437,2015,3,29
438,2015,3,31
439,2015,3,26
440,2015,3,21
441,2015,3,18
442,2015,3,16
443,2015,3,11
444,2015,3,10
445,2015,3,7
446,2015,2,15
447,2015,2,14
448,2015,2,9
449,2015,2,8
450,2015,2,5
451,2015,1,30
452,2015,1,27
453,2015,1,24
454,2015,1,23
455,2015,1,19
456,2015,1,19
457,2015,1,17
458,2015,1,16
459,2015,1,8
460,2015,1,6
461,2015,1,3
462,2015,1,1
463,2014,12,29
464,2014,12,29
465,2014,12,28
466,2014,12,28
467,2014,12,28
468,2014,12,28
469,2014,12,23
470,2014,12,15
471,2014,12,3
472,2014,11,29
473,2014,11,20
474,2014,11,19
475,2014,11,17
476,2014,11,16
477,2014,11,13
478,2014,11,10
479,2014,11,8
480,2014,10,31
481,2014,10,29
482,2014,10,22
483,2014,10,20
484,2014,10,19
485,2014,10,18
486,2014,10,17
487,2014,10,14
488,2014,10,12
489,2014,10,11
490,2014,10,5
491,2014,10,7
492,2014,10,5
493,2014,10,3
494,2014,10,3
495,2014,10,2
496,2014,10,2
497,2014,9,21
498,2014,9,12
499,2014,9,13
500,2014,9,9
501,2014,9,6
502,2014,9,3
503,2014,9,2
504,2014,0,20
505,2014,8,31
506,2014,8,29
507,2014,8,29
508,2014,8,28
509,2014,8,27
510,2014,8,27
511,2014,8,27
512,2014,8,25
513,2014,8,24
514,2014,8,16
515,2014,8,12
516,2014,8,10
517,2014,8,9
518,2014,8,9
519,2014,8,8
520,2014,8,6
521,2014,8,5
522,2014,8,2
523,2014,8,2
524,2014,8,1
525,2014,0,20
526,2014,7,27
527,2014,7,22
528,2014,7,21
529,2014,7,20
530,2014,7,16
531,2014,7,14
532,2014,7,13
533,2014,7,12
534,2014,0,20
535,2014,0,20
536,2014,0,20
537,2014,0,20
538,2014,6,27
539,2014,6,25
540,2014,6,18
541,2014,6,18
542,2014,6,17
543,2014,6,9
544,2014,6,9
545,2014,6,9
546,2014,6,8
547,2014,6,7
548,2014,6,1
549,2014,6,1
550,2014,6,1
551,2014,5,24
552,2014,5,23
553,2014,5,22
554,2014,5,15
555,2014,5,14
556,2014,0,13
557,2014,5,11
558,2014,5,10
559,2014,5,6
560,2014,5,4
561,2014,5,1
562,2014,4,24
563,2014,4,22
564,2014,4,15
565,2014,4,12
566,2014,4,12
567,2014,4,4
568,2014,4,4
569,2014,4,3
570,2014,3,29
571,2014,3,22
572,2014,3,22
573,2014,3,21
574,2014,3,18
575,2014,3,18
576,2014,3,18
577,2014,3,12
578,2014,3,13
579,2014,3,2
580,2014,2,20
581,2014,2,17
582,2014,2,8
583,2014,2,7
584,2014,2,7
585,2014,1,26
586,2014,1,25
587,2014,1,4
588,2014,0,20
589,2014,0,20
590,2013,12,25
591,2013,12,16
592,2013,12,13
593,2013,12,11
594,2013,12,10
595,2013,12,5
596,2013,12,2
597,2013,11,30
598,2013,0,29
599,2013,11,23
600,2013,11,22
601,2013,11,12
602,2013,11,10
603,2013,11,7
604,2013,11,7
605,2013,10,31
606,2013,10,28
607,2013,10,26
608,2013,10,26
609,2013,10,24
610,2013,10,23
611,2013,10,20
612,2013,10,19
613,2013,10,11
614,2013,10,8
615,2013,10,6
616,2013,10,10
617,2013,9,29
618,2013,9,29
619,2013,9,25
620,2013,9,21
621,2013,9,21
622,2013,9,14
623,2013,9,12
624,2013,9,8
625,2013,9,7
626,2013,9,7
627,2013,9,2
628,2013,9,1
629,2013,9,1
630,2013,9,1
631,2013,8,31
632,2013,8,31
633,2013,8,29
634,2013,8,26
635,2013,8,25
636,2013,8,25
637,2013,8,18
638,2013,8,17
639,2013,8,14
640,2013,8,13
641,2013,8,11
642,2013,8,8
643,2013,8,5
644,2013,7,31
645,2013,7,30
646,2013,7,28
647,2013,7,29
648,2013,7,29
649,2013,7,28
650,2013,7,28
651,2013,7,22
652,2013,7,19
653,2013,7,17
654,2013,7,15
655,2013,7,14
656,2013,7,11
657,2013,7,7
658,2013,7,2
659,2013,6,30
660,2013,6,27
661,2013,6,25
662,2013,6,25
663,2013,6,25
664,2013,6,18
665,2013,6,17
666,2013,6,16
667,2013,6,15
668,2013,6,14
669,2013,6,6
670,2013,6,6
671,2013,5,27
672,2013,5,27
673,2013,5,23
674,2013,5,23
675,2014,5,14
676,2013,5,8
677,2013,5,8
678,2013,5,4
679,2013,4,28
680,2013,4,24
681,2013,4,21
682,2013,4,17
683,2013,4,14
684,2013,4,13
685,2013,4,13
686,2013,4,10
687,2013,4,4
688,2013,4,2
689,2013,4,2
690,2013,3,31
691,2013,3,29
692,2013,3,21
693,2013,3,21
694,2013,3,16
695,2013,3,16
696,2013,3,12
697,2013,3,10
698,2013,3,10
699,2013,3,3
700,2013,2,27
701,2013,2,21
702,2013,2,21
703,2013,2,10
704,2013,2,9
705,2013,2,1
706,2013,1,26
707,2013,1,25
708,2013,1,21
709,2013,1,16
710,2013,1,13
711,2013,1,5
712,2012,12,31
713,2012,12,30
714,2012,12,28
715,2012,12,25
716,2012,12,19
717,2012,12,5
718,2012,12,2
719,2012,0,20
720,2012,11,30
721,2012,11,27
722,2012,11,22
723,2012,11,19
724,2012,11,4
725,2012,11,4
726,2012,10,30
727,2012,10,27
728,2012,10,23
729,2012,10,19
730,2012,10,18
731,2012,10,18
732,2012,10,16
733,2012,10,11
734,2012,10,10
735,2012,10,2
736,2012,9,25
737,2012,9,24
738,2012,9,16
739,2012,9,10
740,2012,9,9
741,2012,9,8
742,2012,9,8
743,2012,9,6
744,2012,9,6
745,2012,9,4
746,2012,9,2
747,2012,9,2
748,2012,9,2
749,2012,8,31
750,2012,8,28
751,2012,8,26
752,2012,8,15
753,2012,8,11
754,2012,8,8
755,2012,8,6
756,2012,8,4
757,2012,7,31
758,2012,7,31
759,2012,7,30
760,2012,7,30
761,2012,7,24
762,2012,7,23
763,2012,7,21
764,2012,7,19
765,2012,7,14
766,2012,7,8
767,2012,0,7
768,2012,7,7
769,2012,7,7
770,2012,7,6
771,2012,6,28
772,2012,6,26
773,2012,6,26
774,2012,6,26
775,2012,6,22
776,2012,6,22
777,2012,6,20
778,2012,6,19
779,2012,6,18
780,2012,6,15
781,2012,6,14
782,2012,6,14
783,2012,6,14
784,2012,6,14
785,2012,6,12
786,2012,6,10
787,2012,6,3
788,2012,6,2
789,2012,6,2
790,2012,5,31
791,2012,5,29
792,2012,5,23
793,2012,5,20
794,2012,5,16
795,2012,5,12
796,2012,5,9
797,2012,5,6
798,2012,4,19
799,2012,4,19
800,2012,4,11
801,2012,4,3
802,2013,0,20
803,2012,3,31
804,2012,3,24
805,2012,3,22
806,2012,3,20
807,2012,3,15
808,2012,3,14
809,2012,3,14
810,2012,3,6
811,2012,3,6
812,2012,3,5
813,2012,3,4
814,2012,3,3
815,2012,3,1
816,2012,2,26
817,2012,2,25
818,2012,2,20
819,2012,2,6
820,2012,1,27
821,2012,1,19
822,2012,1,22
823,2012,1,18
824,2012,1,18
825,2012,1,15
826,2012,1,13
827,2012,1,3
828,2012,1,2
829,2011,12,31
830,2011,12,26
831,2011,12,25
832,2011,12,23
833,2011,12,21
834,2011,12,21
835,2011,12,11
836,2011,12,7
837,2011,12,7
838,2011,12,6
839,2011,12,5
840,2011,12,2
841,2011,11,29
842,2011,11,28
843,2011,11,22
844,2011,11,20
845,2011,11,12
846,2011,11,11
847,2011,10,29
848,2011,10,28
849,2011,10,29
850,2011,10,22
851,2011,10,20
852,2011,10,19
853,2011,10,11
854,2011,10,10
855,2011,10,9
856,2011,10,5
857,2011,10,2
858,2011,10,1
859,2011,9,30
860,2011,9,28
861,2011,9,28
862,2011,9,24
863,2011,9,24
864,2011,9,20
865,2011,9,19
866,2011,9,17
867,2011,9,16
868,2011,9,11
869,2011,9,11
870,2011,9,4
871,2011,9,4
872,2011,9,2
873,2011,8,31
874,2011,8,28
875,2011,8,28
876,2011,8,26
877,2011,8,24
878,2011,8,24
879,2011,8,23
880,2011,8,18
881,2011,8,17
882,2011,8,17
883,2011,8,17
884,2011,8,16
885,2011,0,16
886,2011,8,16
887,2011,8,15
888,2011,0,11
889,2011,8,1
890,2011,7,31
891,2011,7,30
892,2011,7,25
893,2011,7,22
894,2011,7,19
895,2011,7,15
896,2011,7,13
897,2011,7,13
898,2011,7,7
899,2011,7,7
900,2011,7,6
901,2011,7,5
902,2011,6,30
903,2011,6,29
904,2011,6,28
905,2008,6,26
906,2011,6,24
907,2011,6,21
908,2011,6,19
909,2011,6,19
910,2011,6,15
911,2011,6,14
912,2011,6,12
913,2011,6,6
914,2011,6,6
915,2011,6,6
916,2011,6,1
917,2011,5,30
918,2011,5,29
919,2011,5,25
920,2011,5,22
921,2011,5,21
922,2011,5,13
923,2011,5,21
924,2011,5,13
925,2011,5,10
926,2011,5,7
927,2011,5,4
928,2011,4,26
929,2011,4,23
930,2011,4,22
931,2011,4,16
932,2011,4,13
933,2011,4,8
934,2011,3,29
935,2011,3,24
936,2011,3,23
937,2011,3,21
938,2011,3,21
939,2011,3,16
940,2010,3,10
941,2011,3,10
942,2011,2,28
943,2011,2,23
944,2011,2,18
945,2011,2,17
946,2011,2,13
947,2011,2,12
948,2011,2,4
949,2011,2,2
950,2011,1,31
951,2011,1,28
952,2011,1,26
953,2011,1,20
954,2011,1,15
955,2011,0,12
956,2011,1,3
957,2010,12,26
958,2010,12,17
959,2010,12,11
960,2010,12,5
961,2010,12,3
962,2010,12,1
963,2010,12,1
964,2010,11,30
965,2010,11,30
966,2010,11,27
967,2010,11,27
968,2010,11,19
969,2010,11,15
970,2010,11,14
971,2010,11,12
972,2010,10,30
973,2010,10,28
974,2010,10,28
975,2010,10,25
976,2010,10,23
977,2010,10,23
978,2010,10,22
979,2010,10,20
980,2010,10,9
981,2010,10,2
982,2010,10,2
983,2010,10,1
984,2010,9,27
985,2010,9,24
986,2010,9,21
987,2010,9,13
988,2010,9,7
989,2010,9,6
990,2010,9,4
991,2010,9,3
992,2010,9,3
993,2010,9,2
994,2010,8,29
995,2010,8,18
996,2010,8,17
997,2010,8,14
998,2010,8,10
999,2010,8,10
1000,2010,8,8
1001,2010,8,7
1002,2010,8,7
1003,2010,8,5
1004,2010,8,2
1005,2010,8,2
1006,2010,7,25
1007,2010,7,23
1008,2010,7,19
1009,2010,7,17
1010,2010,7,17
1011,2010,7,16
1012,2010,7,16
1013,2010,7,11
1014,2010,7,4
1015,2010,7,3
1016,2010,7,2
1017,2010,7,2
1018,2010,6,27
1019,2010,6,25
1020,2010,6,25
1021,2010,6,15
1022,2010,6,10
1023,2010,6,6
1024,2010,0,20
1025,2010,5,30
1026,2010,5,18
1027,2010,5,18
1028,2010,5,18
1029,2010,5,3
1030,2010,5,1
1031,2010,4,28
1032,2010,4,19
1033,2010,4,13
1034,2010,4,4
1035,2010,3,27
1036,2010,0,19
1037,2010,2,16
1038,2010,2,15
1039,2010,2,13
1040,2010,2,11
1041,2010,2,6
1042,2010,2,6
1043,2010,2,6
1044,2010,2,4
1045,2010,2,3
1046,2010,2,1
1047,2010,1,31
1048,2010,1,27
1049,2010,1,22
1050,2010,1,22
1051,2010,1,12
1052,2010,1,9
1053,2010,1,9
1054,2010,1,9
1055,2010,1,9
1056,2010,1,6
1057,2010,1,5
1058,2009,12,29
1059,2009,12,26
1060,2009,12,22
1061,2009,12,20
1062,2009,12,20
1063,2009,12,18
1064,2009,12,18
1065,2009,12,16
1066,2009,12,13
1067,2009,12,12
1068,2009,12,5
1069,2009,11,25
1070,2009,11,24
1071,2009,11,16
1072,2009,11,16
1073,2009,11,13
1074,2009,11,11
1075,2009,11,8
1076,2009,11,5
1077,2009,10,30
1078,2009,10,29
1079,2009,10,28
1080,2009,10,24
1081,2009,10,19
1082,2009,10,18
1083,2009,10,17
1084,2009,10,14
1085,2009,10,9
1086,2009,10,2
1087,2009,9,26
1088,2009,9,18
1089,2009,9,15
1090,2009,9,13
1091,2009,9,12
1092,2009,9,7
1093,2009,9,2
1094,2009,9,1
1095,2009,8,30
1096,2009,8,29
1097,2009,8,25
1098,2009,8,11
1099,2009,8,10
1100,2009,8,6
1101,2009,8,1
1102,2009,0,31
1103,2009,7,30
1104,2009,7,29
1105,2009,7,24
1106,2009,7,24
1107,2009,7,24
1108,2009,7,22
1109,2009,7,22
1110,2009,7,18
1111,2009,7,11
1112,2009,7,11
1113,2009,7,7
1114,2009,7,5
1115,2009,7,4
1116,2009,6,27
1117,2009,6,21
1118,2009,6,16
1119,2009,6,14
1120,2009,6,2
1121,2009,6,2
1122,2009,6,1
1123,2009,5,31
1124,2009,5,25
1125,2009,5,17
1126,2009,5,16
1127,2009,5,16
1128,2009,5,12
1129,2009,3,6
1130,2009,4,28
1131,2009,4,25
1132,2009,4,21
1133,2009,4,20
1134,2009,4,19
1135,2009,4,17
1136,2009,4,11
1137,2009,4,12
1138,2009,4,6
1139,2009,4,6
1140,2009,4,3
1141,2009,3,27
1142,2009,3,21
1143,2009,3,20
1144,2009,3,19
1145,2009,3,19
1146,2009,3,18
1147,2009,3,17
1148,2009,3,17
1149,2009,3,16
1150,2009,3,6
1151,2009,3,2
1152,2009,3,1
1153,2009,3,1
1154,2009,2,22
1155,2009,2,18
1156,2009,2,12
1157,2009,2,11
1158,2009,2,8
1159,2009,2,7
1160,2009,2,7
1161,2009,1,27
1162,2009,1,26
1163,2009,1,25
1164,2009,1,24
1165,2009,1,24
1166,2009,1,24
1167,2009,1,23
1168,2009,1,18
1169,2009,1,16
1170,2009,1,13
1171,2009,1,12
1172,2009,1,11
1173,2009,1,11
1174,2009,1,10
1175,2009,1,10
1176,2009,1,6
1177,2009,0,20
1178,2008,12,30
1179,2008,12,27
1180,2008,12,27
1181,2008,12,27
1182,2008,12,27
1183,2008,12,20
1184,2008,12,14
1185,2008,12,10
1186,2006,12,6
1187,2008,0,20
1188,2008,11,28
1189,2008,11,25
1190,2008,11,24
1191,2008,11,9
1192,2008,11,9
1193,2008,11,6
1194,2008,10,22
1195,2008,10,21
1196,2008,10,12
1197,2008,10,11
1198,2008,10,8
1199,2008,10,6
1200,2008,9,28
1201,2008,9,28
1202,2008,9,15
1203,2008,9,14
1204,2008,9,9
1205,2008,9,8
1206,2008,9,7
1207,2008,9,6
1208,2008,9,6
1209,2008,9,1
1210,2008,0,20
1211,2008,8,30
1212,2008,8,30
1213,2008,8,30
1214,2008,8,28
1215,2008,8,27
1216,2008,8,24
1217,2008,8,24
1218,2008,8,20
1219,2008,8,18
1220,2008,8,16
1221,2008,8,12
1222,2008,8,11
1223,2008,7,30
1224,2008,7,30
1225,2008,7,27
1226,2008,7,26
1227,2008,7,26
1228,2008,7,25
1229,2008,7,25
1230,2008,7,24
1231,2008,7,24
1232,2008,7,23
1233,2008,7,19
1234,2008,7,18
1235,2008,7,13
1236,2008,7,11
1237,2008,7,9
1238,2008,7,5
1239,2008,0,20
1240,2008,6,28
1241,2008,6,28
1242,2008,6,28
1243,2008,6,26
1244,2008,6,26
1245,2008,6,26
1246,2008,6,24
1247,2008,6,21
1248,2008,6,20
1249,2008,6,11
1250,2008,6,7
1251,2008,6,2
1252,2008,6,1
1253,2008,6,1
1254,2008,5,26
1255,2008,5,24
1256,2008,5,24
1257,2008,5,23
1258,2008,5,14
1259,2008,5,10
1260,2008,5,7
1261,2008,5,7
1262,2008,5,1
1263,2008,4,28
1264,2008,4,28
1265,2008,4,27
1266,2008,4,26
1267,2008,4,26
1268,2008,4,25
1269,2008,4,20
1270,2008,4,20
1271,2008,4,19
1272,2008,4,18
1273,2008,4,17
1274,2008,4,15
1275,2008,4,9
1276,2008,3,25
1277,2008,4,8
1278,2008,4,8
1279,2008,4,3
1280,2008,3,28
1281,2008,3,28
1282,2008,3,28
1283,2008,3,23
1284,2008,3,21
1285,2008,3,15
1286,2008,3,7
1287,2008,2,24
1288,2008,2,21
1289,2008,2,15
1290,2008,2,7
1291,2008,2,6
1292,2008,0,20
1293,2008,1,29
1294,2008,1,27
1295,2008,1,19
1296,2008,1,14
1297,2008,1,10
1298,2008,0,20
1299,2008,0,20
1300,2007,12,21
1301,2007,12,19
1302,2007,12,18
1303,2007,12,15
1304,2007,12,14
1305,2007,12,10
1306,2007,12,9
1307,2007,12,7
1308,2007,11,18
1309,2007,11,8
1310,2007,11,7
1311,2007,11,6
1312,2007,11,4
1313,2007,11,3
1314,2011,0,20
1315,2007,10,29
1316,2007,10,15
1317,2007,10,13
1318,2007,10,7
1319,2007,10,6
1320,2007,9,30
1321,2007,9,30
1322,2007,9,30
1323,2007,9,28
1324,2007,9,27
1325,2007,9,27
1326,2007,9,22
1327,2007,9,22
1328,2007,9,20
1329,2007,9,17
1330,2007,9,16
1331,2007,9,16
1332,2007,9,13
1333,2007,9,8
1334,2007,9,5
1335,2007,9,4
1336,2007,9,3
1337,2007,9,3
1338,2007,8,28
1339,2007,8,28
1340,2007,8,26
1341,2007,8,25
1342,2007,8,22
1343,2007,8,20
1344,2007,8,19
1345,2007,8,19
1346,2007,8,19
1347,2007,8,15
1348,2007,8,12
1349,2007,8,11
1350,2007,8,9
1351,2007,8,9
1352,2007,8,7
1353,2007,7,29
1354,2007,7,28
1355,2007,7,22
1356,2007,7,21
1357,2007,7,19
1358,2007,7,19
1359,2007,7,18
1360,2007,7,18
1361,2007,7,17
1362,2007,7,17
1363,2007,7,10
1364,2007,7,5
1365,2007,7,4
1366,2007,0,20
1367,2007,6,30
1368,2007,6,30
1369,2007,6,25
1370,2007,6,24
1371,2007,6,17
1372,2007,6,12
1373,2007,6,5
1374,2007,5,26
1375,2007,5,24
1376,2007,5,17
1377,2007,5,16
1378,2007,5,12
1379,2007,5,10
1380,2007,5,9
1381,2007,5,8
1382,2007,5,7
1383,2007,5,7
1384,2007,5,4
1385,2007,0,20
1386,2007,4,26
1387,2007,4,22
1388,2007,4,20
1389,2007,4,13
1390,2007,4,9
1391,2007,4,1
1392,2007,3,31
1393,2007,3,31
1394,2007,3,22
1395,2007,3,21
1396,2007,3,20
1397,2007,3,14
1398,2007,3,12
1399,2007,3,11
1400,2007,3,5
1401,2007,2,4
1402,2007,2,3
1403,2007,0,20
1404,2007,1,25
1405,2007,1,25
1406,2007,1,23
1407,2007,1,19
1408,2007,1,14
1409,2007,1,9
1410,2007,1,7
1411,2007,1,1
1412,2006,12,18
1413,2006,12,11
1414,2006,12,10
1415,2006,12,6
1416,2006,12,2
1417,2006,11,25
1418,2006,11,11
1419,2006,11,9
1420,2006,10,31
1421,2006,10,16
1422,2006,10,10
1423,2006,10,7
1424,2006,10,5
1425,2006,0,20
1426,2006,0,20
1427,2006,9,30
1428,2006,9,29
1429,2006,9,18
1430,2006,9,16
1431,2006,9,14
1432,2006,9,11
1433,2006,9,4
1434,2006,9,3
1435,2006,9,3
1436,2006,9,2
1437,2006,9,2
1438,2006,8,29
1439,2006,8,29
1440,2006,8,27
1441,2006,8,22
1442,2006,8,22
1443,2006,8,20
1444,2006,8,20
1445,2006,8,15
1446,2006,8,13
1447,2006,0,20
1448,2006,0,20
1449,2006,7,31
1450,2006,7,31
1451,2006,7,29
1452,2006,7,29
1453,2006,7,28
1454,2006,7,25
1455,2006,7,23
1456,2006,7,17
1457,2006,7,17
1458,2006,7,13
1459,2006,7,12
1460,2006,7,10
1461,2006,7,9
1462,2006,7,9
1463,2006,7,8
1464,2006,7,8
1465,2006,0,20
1466,2006,0,20
1467,2006,6,27
1468,2006,6,26
1469,2006,6,24
1470,2006,6,20
1471,2006,6,18
1472,2006,6,17
1473,2006,6,15
1474,2006,6,7
1475,2006,6,5
1476,2006,5,31
1477,2006,5,28
1478,2006,5,27
1479,2006,5,24
1480,2006,5,21
1481,2006,5,19
1482,2006,5,5
1483,2006,5,4
1484,2006,5,2
1485,2006,4,23
1486,2006,4,21
1487,2006,4,19
1488,2006,4,13
1489,2006,4,11
1490,2006,4,9
1491,2006,4,9
1492,2006,4,3
1493,2006,3,28
1494,2006,3,23
1495,2006,3,22
1496,2006,3,18
1497,2006,3,15
1498,2006,2,27
1499,2006,2,23
1500,2006,2,13
1501,2006,2,12
1502,2006,2,12
1503,2006,2,8
1504,2006,2,1
1505,2006,2,1
1506,2006,1,28
1507,2006,1,25
1508,2006,1,23
1509,2006,1,18
1510,2006,1,15
1511,2006,1,11
1512,2006,1,7
1513,2006,1,4
1514,2006,1,1
1515,2005,12,24
1516,2005,12,21
1517,2005,12,20
1518,2005,12,11
1519,2005,12,6
1520,2005,11,29
1521,2005,11,27
1522,2005,11,25
1523,2005,11,25
1524,2005,11,25
1525,2005,11,24
1526,2005,11,21
1527,2005,11,20
1528,2005,11,16
1529,2005,11,15
1530,2005,11,12
1531,2005,11,2
1532,2005,11,2
1533,2005,10,29
1534,2005,10,25
1535,2005,10,22
1536,2005,10,21
1537,2005,10,19
1538,2005,10,15
1539,2005,10,13
1540,2005,10,11
1541,2005,10,6
1542,2005,10,3
1543,2005,10,1
1544,2005,9,27
1545,2005,9,24
1546,2005,9,23
1547,2005,9,22
1548,2005,9,20
1549,2005,9,11
1550,2005,9,7
1551,2005,9,5
1552,2005,9,4
1553,2005,9,2
1554,2005,9,2
1555,2005,8,24
1556,2005,8,24
1557,2005,8,22
1558,2005,8,21
1559,2005,8,19
1560,2005,8,14
1561,2005,8,12
1562,2005,0,20
1563,2005,0,20
1564,2005,7,27
1565,2005,7,23
1566,2005,7,22
1567,2005,7,17
1568,2005,7,17
1569,2005,7,15
1570,2005,7,15
1571,2005,7,13
1572,2005,0,20
1573,2005,6,27
1574,2005,6,25
1575,2005,6,22
1576,2005,6,20
1577,2005,6,18
1578,2005,6,16
1579,2005,6,13
1580,2005,6,7
1581,2005,6,5
1582,2005,6,4
1583,2005,6,2
1584,2005,5,28
1585,2005,5,27
1586,2005,5,25
1587,2005,5,15
1588,2005,5,14
1589,2005,5,3
1590,2005,5,2
1591,2005,5,2
1592,2005,4,25
1593,2005,4,17
1594,2005,4,16
1595,2005,4,16
1596,2005,4,13
1597,2005,4,9
1598,2005,4,7
1599,2005,4,6
1600,2005,4,6
1601,2005,3,28
1602,2005,3,27
1603,2005,3,25
1604,2005,3,19
1605,2005,3,12
1606,2005,3,10
1607,2005,3,9
1608,2005,3,5
1609,2005,2,26
1610,2005,2,22
1611,2005,2,16
1612,2005,2,13
1613,2005,2,4
1614,2005,1,20
1615,2005,1,19
1616,2005,1,14
1617,2005,1,8
1618,2004,12,26
1619,2004,12,16
1620,2004,12,11
1621,2004,11,27
1622,2004,11,26
1623,2004,11,15
1624,2004,11,11
1625,2004,11,11
1626,2004,0,20
1627,2004,10,31
1628,2004,10,30
1629,2004,10,30
1630,2004,10,21
1631,2004,10,10
1632,2004,10,9
1633,2004,10,9
1634,2004,10,6
1635,2004,10,2
1636,2004,10,1
1637,2004,9,25
1638,2004,9,20
1639,2004,9,10
1640,2004,9,8
1641,2004,9,4
1642,2004,8,29
1643,2004,8,21
1644,2004,8,20
1645,2004,8,15
1646,2004,8,6
1647,2004,8,3
1648,2004,0,20
1649,2004,7,31
1650,2004,7,30
1651,2004,7,28
1652,2004,7,27
1653,2004,7,27
1654,2004,7,25
1655,2004,7,19
1656,2004,7,15
1657,2004,7,10
1658,2004,7,2
1659,2004,7,2
1660,2004,6,26
1661,2004,6,26
1662,2004,6,14
1663,2004,6,10
1664,2004,6,10
1665,2004,6,2
1666,2004,5,29
1667,2004,5,23
1668,2004,5,28
1669,2004,5,23
1670,2004,5,22
1671,2004,5,22
1672,2004,5,22
1673,2004,5,18
1674,2004,5,4
1675,2004,5,1
1676,2004,4,26
1677,2004,4,22
1678,2004,4,13
1679,2004,4,13
1680,2004,4,7
1681,2004,4,5
1682,2004,4,4
1683,2004,3,31
1684,2004,3,31
1685,2004,3,29
1686,2004,3,28
1687,2004,3,27
1688,2004,3,27
1689,2004,3,14
1690,2004,3,22
1691,2004,3,16
1692,2004,3,6
1693,2004,2,29
1694,2004,2,26
1695,2004,2,21
1696,2004,2,16
1697,2004,2,14
1698,2004,2,11
1699,2004,1,25
1700,2004,1,23
1701,2004,1,22
1702,2004,1,21
1703,2004,1,21
1704,2004,1,15
1705,2004,1,12
1706,2004,1,7
1707,2004,1,3
1708,2004,1,3
1709,2004,0,20
1710,2003,12,31
1711,2003,12,26
1712,2003,12,13
1713,2003,12,13
1714,2003,12,8
1715,2003,11,30
1716,2003,11,30
1717,2003,11,27
1718,2003,11,22
1719,2003,11,12
1720,2003,11,12
1721,2003,11,6
1722,2003,11,6
1723,2003,11,1
1724,2003,0,20
1725,2003,10,31
1726,2003,10,31
1727,2003,10,31
1728,2003,10,27
1729,2003,10,24
1730,2003,10,14
1731,2003,10,6
1732,2003,10,5
1733,2003,10,5
1734,2003,10,5
1735,2003,10,5
1736,2003,10,5
1737,2003,9,29
1738,2003,9,28
1739,2003,9,21
1740,2003,9,19
1741,2003,9,17
1742,2003,9,14
1743,2003,9,14
1744,2003,9,14
1745,2003,9,13
1746,2003,9,13
1747,2003,9,12
1748,2003,0,20
1749,2003,8,29
1750,2003,8,19
1751,2003,8,12
1752,2003,8,8
1753,2003,7,26
1754,2003,7,20
1755,2003,7,15
1756,2003,7,10
1757,2003,7,5
1758,2003,7,5
1759,2003,7,4
1760,2003,0,20
1761,2003,0,20
1762,2003,0,20
1763,2003,6,30
1764,2003,6,26
1765,2003,6,24
1766,2003,6,24
1767,2003,6,24
1768,2003,6,22
1769,2003,6,19
1770,2003,6,8
1771,2003,0,20
1772,2003,5,25
1773,2003,5,14
1774,2003,5,10
1775,2003,5,7
1776,2003,5,3
1777,2003,0,20
1778,2003,4,26
1779,2003,4,25
1780,2003,4,23
1781,2003,4,23
1782,2003,4,21
1783,2003,4,21
1784,2003,4,20
1785,2003,4,20
1786,2003,4,20
1787,2003,4,19
1788,2003,4,18
1789,2003,4,15
1790,2003,4,11
1791,2003,4,9
1792,2003,4,4
1793,2003,3,10
1794,2003,2,27
1795,2003,2,15
1796,2003,2,15
1797,2003,2,11
1798,2003,2,8
1799,2003,1,17
1800,2003,1,3
1801,2003,1,2
1802,2002,12,29
1803,2002,12,24
1804,2002,12,21
1805,2002,12,20
1806,2002,12,16
1807,2002,12,1
1808,2002,11,28
1809,2002,11,28
1810,2002,11,17
1811,2002,11,14
1812,2002,11,11
1813,2002,11,2
1814,2002,0,20
1815,2002,10,30
1816,2002,10,14
1817,2002,10,11
1818,2002,10,5
1819,2002,10,5
1820,2002,10,3
1821,2002,9,30
1822,2002,9,29
1823,2002,9,27
1824,2002,9,27
1825,2002,9,27
1826,2002,9,21
1827,2002,9,21
1828,2002,9,16
1829,2002,9,16
1830,2002,9,13
1831,2002,9,9
1832,2002,9,5
1833,2002,8,28
1834,2002,8,17
1835,2002,8,14
1836,2002,8,11
1837,2002,8,7
1838,2002,8,6
1839,2002,8,5
1840,2002,7,26
1841,2002,7,20
1842,2002,7,10
1843,2002,7,9
1844,2002,7,10
1845,2002,7,4
1846,2002,6,20
1847,2002,6,20
1848,2002,6,16
1849,2002,6,13
1850,2002,6,13
1851,2002,6,11
1852,2002,6,10
1853,2002,6,9
1854,2002,6,9
1855,2002,6,3
1856,2002,5,31
1857,2002,5,31
1858,2002,5,22
1859,2002,5,22
1860,2002,5,21
1861,2002,5,21
1862,2002,5,13
1863,2002,5,10
1864,2002,5,7
1865,2002,4,30
1866,2002,4,21
1867,2002,4,20
1868,2002,4,18
1869,2002,4,12
1870,2002,4,9
1871,2002,4,2
1872,2002,4,1
1873,2002,3,25
1874,2002,3,25
1875,2002,3,24
1876,2002,3,19
1877,2002,3,15
1878,2002,3,15
1879,2002,3,3
1880,2002,2,23
1881,2002,2,16
1882,2002,2,11
1883,2002,2,7
1884,2002,1,30
1885,2002,1,30
1886,2002,1,4
1887,2002,1,3
1888,2002,1,1
1889,2002,1,1
1890,2001,12,21
1891,2001,11,23
1892,2001,11,14
1893,2001,11,7
1894,2001,10,7
1895,2001,10,2
1896,2001,9,30
1897,2001,9,30
1898,2001,9,24
1899,2001,9,18
1900,2001,9,16
1901,2001,9,15
1902,2001,9,15
1903,2001,9,13
1904,2001,9,8
1905,2001,9,7
1906,2001,9,7
1907,2001,9,3
1908,2001,9,3
1909,2001,9,2
1910,2001,9,1
1911,2001,8,31
1912,2001,8,29
1913,2001,8,27
1914,2001,8,26
1915,2001,8,25
1916,2001,8,22
1917,2001,8,21
1918,2001,8,19
1919,2001,8,19
1920,2001,8,19
1921,2001,8,18
1922,2001,8,18
1923,2001,8,18
1924,2001,8,16
1925,2001,8,12
1926,2001,8,5
1927,2001,8,4
1928,2001,8,3
1929,2001,7,26
1930,2001,7,25
1931,2001,7,24
1932,2001,7,21
1933,2001,7,15
1934,2001,7,15
1935,2001,7,6
1936,2001,7,6
1937,2001,7,3
1938,2001,0,20
1939,2001,6,12
1940,2001,6,10
1941,2001,6,9
1942,2001,6,3
1943,2001,5,29
1944,2001,5,23
1945,2001,5,20
1946,2001,5,18
1947,2001,5,11
1948,2001,5,8
1949,2001,5,4
1950,2001,5,3
1951,2001,0,20
1952,2001,4,28
1953,2001,4,13
1954,2001,4,13
1955,2001,4,12
1956,2001,4,12
1957,2001,4,12
1958,2001,4,12
1959,2001,4,12
1960,2001,4,11
1961,2001,4,11
1962,2001,4,11
1963,2001,4,10
1964,2001,4,8
1965,2001,4,8
1966,2001,4,5
1967,2001,0,2
1968,2001,4,2
1969,2001,3,23
1970,2001,3,9
1971,2001,3,8
1972,2001,3,3
1973,2001,0,20
1974,2001,2,26
1975,2001,2,11
1976,2001,2,4
1977,2001,1,24
1978,2001,1,24
1979,2001,1,21
1980,2001,1,9
1981,2001,1,6
1982,2000,12,24
1983,2000,12,12
1984,2000,12,11
1985,2000,12,5
1986,2000,12,3
1987,2000,0,20
1988,2000,11,21
1989,2000,11,20
1990,2000,11,17
1991,2000,11,10
1992,2000,11,6
1993,2000,11,6
1994,2000,11,4
1995,2000,10,29
1996,2000,10,20
1997,2000,10,18
1998,2000,10,14
1999,2000,10,9
2000,2000,10,6
2001,2000,10,6
2002,2000,10,2
2003,2000,9,29
2004,2000,9,25
2005,2000,9,24
2006,2000,9,19
2007,2000,9,16
2008,2000,9,16
2009,2000,9,15
2010,2000,9,12
2011,2000,9,11
2012,2000,9,10
2013,2000,9,10
2014,2000,9,8
2015,2000,9,8
2016,2000,9,8
2017,2000,0,20
2018,2000,8,31
2019,2000,8,30
2020,2000,8,27
2021,2000,8,21
2022,2000,8,15
2023,2000,8,13
2024,2000,8,12
2025,2000,8,11
2026,2000,8,10
2027,2000,0,20
2028,2000,7,25
2029,2000,7,22
2030,2000,7,17
2031,2000,7,16
2032,2000,7,16
2033,2000,7,15
2034,2000,7,15
2035,2000,7,12
2036,2000,7,10
2037,2000,7,9
2038,2000,7,7
2039,2000,7,6
2040,2000,7,4
2041,2000,7,4
2042,2000,7,2
2043,2000,7,2
2044,2000,0,20
2045,2000,6,30
2046,2000,6,29
2047,2000,6,19
2048,2000,6,13
2049,2000,6,10
2050,2000,6,9
2051,2000,6,9
2052,2000,6,2
2053,2000,0,20
2054,2000,5,13
2055,2000,5,9
2056,2000,5,7
2057,2000,5,7
2058,2000,4,14
2059,2000,4,9
2060,2000,3,31
2061,2000,3,30
2062,2000,3,26
2063,2000,3,24
2064,2000,3,15
2065,2000,3,14
2066,2000,3,10
2067,2000,3,9
2068,2000,3,3
2069,2000,3,2
2070,2000,0,20
2071,2000,2,21
2072,2000,2,19
2073,2000,2,14
2074,2000,2,3
2075,2000,2,1
2076,2000,1,28
2077,2000,1,5
2078,2000,0,20
2079,1999,12,31
2080,1999,12,31
2081,1999,12,31
2082,1999,12,26
2083,1999,12,14
2084,1999,12,6
2085,1999,12,2
2086,1999,11,30
2087,1999,11,23
2088,1999,11,15
2089,1999,0,13
2090,1999,11,6
2091,1999,0,19
2092,1999,0,19
2093,1999,10,30
2094,1999,10,30
2095,1999,10,20
2096,1999,10,1
2097,1999,9,29
2098,1999,9,24
2099,1999,9,19
2100,1999,9,16
2101,1999,9,10
2102,1999,9,5
2103,1999,9,4
2104,1999,9,4
2105,1999,8,26
2106,1999,8,24
2107,1999,8,23
2108,1999,8,21
2109,1999,8,16
2110,1999,8,5
2111,1999,8,5
2112,1999,7,29
2113,1999,7,26
2114,1999,7,21
2115,1999,7,15
2116,1999,7,6
2117,1999,7,4
2118,1999,7,3
2119,1999,6,19
2120,1999,6,17
2121,1999,6,12
2122,1999,6,9
2123,1999,5,29
2124,1999,5,1
2125,1999,4,22
2126,1999,4,11
2127,1999,4,1
2128,1999,3,18
2129,1999,3,18
2130,1999,3,18
2131,1999,3,14
2132,1999,3,14
2133,1999,3,8
2134,1999,3,5
2135,1999,2,26
2136,1999,2,23
2137,1999,2,3
2138,1999,1,29
2139,1999,1,13
2140,1999,1,1
2141,1999,1,3
2142,1999,1,3
2143,1999,0,19
2144,1999,0,19
2145,1998,12,24
2146,1998,12,22
2147,1998,12,20
2148,1998,12,18
2149,1998,12,15
2150,1998,11,21
2151,1998,11,14
2152,1998,11,11
2153,1998,11,5
2154,1998,11,2
2155,1998,11,2
2156,1998,10,24
2157,1998,10,18
2158,1998,10,10
2159,1998,10,4
2160,1998,10,1
2161,1998,10,1
2162,1998,9,27
2163,1998,9,22
2164,1998,9,16
2165,1998,9,14
2166,1998,0,19
2167,1998,8,30
2168,1998,8,27
2169,1998,8,26
2170,1998,8,23
2171,1998,8,15
2172,1998,8,13
2173,1998,8,12
2174,1998,8,1
2175,1998,8,1
2176,1998,7,26
2177,1998,7,25
2178,1998,7,6
2179,1998,7,11
2180,1998,7,6
2181,1998,6,28
2182,1998,6,22
2183,1998,6,8
2184,1998,6,5
2185,1998,5,30
2186,1998,5,29
2187,1998,5,29
2188,1998,5,25
2189,1998,5,16
2190,1998,5,16
2191,1998,5,16
2192,1998,4,26
2193,1998,4,21
2194,1998,4,17
2195,1998,4,1
2196,1998,0,19
2197,1998,3,31
2198,1998,3,15
2199,1998,3,8
2200,1998,2,23
2201,1998,1,28
2202,1998,0,19
2203,1998,1,25
2204,1998,1,25
2205,1998,1,17
2206,1998,1,14
2207,1998,0,19
2208,1998,0,19
2209,1998,0,19
2210,1997,12,28
2211,1997,12,28
2212,1997,12,25
2213,1997,12,25
2214,1997,11,9
2215,1997,11,5
2216,1997,11,5
2217,1997,10,28
2218,1997,10,28
2219,1997,10,24
2220,1997,10,21
2221,1997,10,11
2222,1997,10,4
2223,1997,9,16
2224,1997,9,9
2225,1997,9,8
2226,1997,9,6
2227,1997,8,30
2228,1997,8,27
2229,1997,8,24
2230,1997,8,14
2231,1997,8,14
2232,1997,8,11
2233,1997,8,11
2234,1997,8,11
2235,1997,8,10
2236,1997,8,9
2237,1997,8,5
2238,1997,8,4
2239,1997,8,2
2240,1997,8,2
2241,1997,7,27
2242,1997,7,21
2243,1997,7,17
2244,1997,7,14
2245,1997,7,12
2246,1997,0,19
2247,1997,6,24
2248,1997,6,15
2249,1997,6,9
2250,1997,6,7
2251,1997,6,2
2252,1997,5,31
2253,1997,5,31
2254,1997,5,31
2255,1997,5,26
2256,1997,5,17
2257,1997,4,20
2258,1997,2,28
2259,1997,2,28
2260,1997,2,21
2261,1997,2,20
2262,1997,2,3
2263,1997,1,25
2264,1997,1,20
2265,1997,1,3
2266,1997,1,1
2267,1996,12,29
2268,1996,12,10
2269,1996,0,19
2270,1996,0,19
2271,1996,11,29
2272,1996,11,18
2273,1996,10,28
2274,1996,10,28
2275,1996,10,9
2276,1996,10,5
2277,1996,10,3
2278,1996,10,3
2279,1996,0,19
2280,1996,9,18
2281,1996,9,6
2282,1996,9,6
2283,1996,9,2
2284,1996,9,2
2285,1996,9,1
2286,1996,9,1
2287,1996,8,29
2288,1996,8,13
2289,1996,8,11
2290,1996,7,26
2291,1996,7,23
2292,1996,7,23
2293,1996,7,21
2294,1996,7,20
2295,1996,7,14
2296,1996,7,10
2297,1996,7,4
2298,1996,7,4
2299,1996,6,25
2300,1996,6,6
2301,1996,6,4
2302,1996,5,28
2303,1996,5,24
2304,1996,5,18
2305,1996,5,10
2306,1996,5,7
2307,1996,4,28
2308,1996,4,25
2309,1996,4,25
2310,1996,4,7
2311,1996,3,5
2312,1996,0,19
2313,1996,2,26
2314,1996,2,19
2315,1996,2,9
2316,1996,2,9
2317,1996,2,9
2318,1996,2,5
2319,1996,2,4
2320,1996,1,23
2321,1996,1,22
2322,1996,1,16
2323,1996,1,14
2324,1996,1,12
2325,1996,1,10
2326,1996,0,19
2327,1996,0,19
2328,1995,12,18
2329,1995,11,11
2330,1995,11,25
2331,1995,11,25
2332,1995,11,17
2333,1995,10,28
2334,1995,10,21
2335,1995,10,11
2336,1995,10,1
2337,1995,9,30
2338,1995,9,30
2339,1995,9,28
2340,1995,9,19
2341,1995,9,17
2342,1995,9,16
2343,1995,9,13
2344,1995,9,11
2345,1995,9,3
2346,1995,9,3
2347,1995,8,31
2348,1995,8,31
2349,1995,8,27
2350,1995,8,26
2351,1995,8,26
2352,1995,8,25
2353,1995,8,22
2354,1995,8,22
2355,1995,8,21
2356,1995,8,19
2357,1995,8,15
2358,1995,8,13
2359,1995,8,10
2360,1995,8,10
2361,1995,8,7
2362,1995,8,1
2363,1995,0,19
2364,1995,7,28
2365,1995,7,28
2366,1995,7,28
2367,1995,7,28
2368,1995,7,28
2369,1995,7,24
2370,1995,7,23
2371,1995,7,7
2372,1984,11,8
2373,1995,7,6
2374,1995,7,3
2375,1995,0,19
2376,1995,6,30
2377,1995,6,24
2378,1995,6,23
2379,1995,6,17
2380,1995,6,17
2381,1995,6,16
2382,1995,6,14
2383,1995,6,13
2384,1995,6,2
2385,1995,5,31
2386,1995,5,26
2387,1995,5,24
2388,1995,5,18
2389,1995,5,12
2390,1995,4,16
2391,1995,4,13
2392,1995,4,9
2393,1995,4,9
2394,1995,3,21
2395,1995,3,11
2396,1995,3,5
2397,1995,2,19
2398,1995,0,19
2399,1995,1,24
2400,1995,1,2
2401,1995,0,19
2402,1995,0,19
2403,1995,0,19
2404,1995,0,19
2405,1994,12,30
2406,1994,12,18
2407,1994,12,13
2408,1994,12,11
2409,1994,12,10
2410,1994,12,9
2411,1994,12,9
2412,1994,12,1
2413,1994,11,25
2414,1994,11,13
2415,1994,11,6
2416,1994,10,18
2417,1994,10,17
2418,1994,10,9
2419,1994,10,5
2420,1994,9,26
2421,1994,9,21
2422,1994,9,11
2423,1994,9,5
2424,1994,8,22
2425,1994,7,24
2426,1994,7,9
2427,1994,7,9
2428,1994,7,9
2429,1994,7,9
2430,1994,7,8
2431,1994,7,8
2432,1994,6,24
2433,1994,5,31
2434,1994,5,31
2435,1994,5,28
2436,1994,5,24
2437,1994,5,23
2438,1994,5,15
2439,1994,4,16
2440,1994,4,15
2441,1994,4,6
2442,1994,4,3
2443,1994,4,2
2444,1994,3,23
2445,1994,3,23
2446,1994,3,7
2447,1994,3,1
2448,1994,2,27
2449,1994,2,19
2450,1994,2,13
2451,1994,2,12
2452,1994,0,19
2453,1994,1,31
2454,1994,1,31
2455,1994,1,30
2456,1994,1,12
2457,1994,1,9
2458,1994,1,3
2459,1994,0,19
2460,1994,0,19
2461,1993,0,19
2462,1993,11,28
2463,1993,11,21
2464,1993,11,12
2465,1993,0,19
2466,1993,10,30
2467,1993,10,26
2468,1993,10,10
2469,1993,0,19
2470,1993,9,30
2471,1993,9,26
2472,1993,9,16
2473,1993,9,16
2474,1993,9,14
2475,1993,9,9
2476,1993,9,3
2477,1993,8,21
2478,1993,8,19
2479,1993,8,19
2480,1993,8,15
2481,1993,8,15
2482,1993,8,14
2483,1993,8,12
2484,1993,0,19
2485,1993,0,19
2486,1993,7,30
2487,1993,7,7
2488,1993,6,30
2489,1993,6,29
2490,1993,6,11
2491,1993,6,11
2492,1993,6,10
2493,1993,6,9
2494,1993,6,5
2495,1993,6,1
2496,1993,0,19
2497,1993,0,19
2498,1993,0,19
2499,1993,0,19
2500,1993,3,27
2501,1993,3,22
2502,1993,3,17
2503,1993,3,14
2504,1993,3,12
2505,1993,0,19
2506,1993,2,19
2507,1993,2,18
2508,1993,0,4
2509,1993,1,23
2510,1993,1,5
2511,1993,1,4
2512,1993,1,2
2513,1993,0,19
2514,1993,0,19
2515,1993,0,19
2516,1993,0,19
2517,1992,12,28
2518,1992,12,23
2519,1992,11,29
2520,1992,11,25
2521,1992,11,23
2522,1992,11,14
2523,1992,11,12
2524,1992,11,11
2525,1992,11,6
2526,1992,11,5
2527,1992,10,29
2528,1992,10,22
2529,1992,10,15
2530,1992,10,11
2531,1992,10,1
2532,1992,9,18
2533,1992,9,13
2534,1992,9,11
2535,1992,9,10
2536,1992,0,19
2537,1992,8,29
2538,1992,8,25
2539,1992,8,21
2540,1992,8,18
2541,1992,8,17
2542,1992,0,19
2543,1992,7,23
2544,1992,7,21
2545,1992,7,8
2546,1992,7,8
2547,1992,6,28
2548,1992,6,28
2549,1992,6,19
2550,1992,6,17
2551,1992,0,19
2552,1992,5,31
2553,1992,5,22
2554,1992,0,19
2555,1992,4,24
2556,1992,4,9
2557,1992,3,28
2558,1992,3,10
2559,1992,3,8
2560,1992,3,8
2561,1992,3,8
2562,1992,2,19
2563,1992,2,14
2564,1992,2,9
2565,1992,1,29
2566,1992,1,29
2567,1992,1,23
2568,1992,1,8
2569,1992,1,6
2570,1992,1,3
2571,1992,0,19
2572,1992,0,19
2573,1991,12,4
2574,1991,11,26
2575,1991,11,26
2576,1991,11,19
2577,1991,11,14
2578,1991,0,19
2579,1991,10,12
2580,1991,10,5
2581,1991,9,19
2582,1991,9,8
2583,1991,8,30
2584,1991,8,26
2585,1991,8,12
2586,1991,8,9
2587,1991,7,30
2588,1991,7,27
2589,1991,7,18
2590,1991,7,7
2591,1991,7,1
2592,1991,7,1
2593,1991,0,19
2594,1991,6,29
2595,1991,6,28
2596,1991,6,26
2597,1991,6,7
2598,1991,6,7
2599,1991,5,26
2600,1991,5,19
2601,1991,4,24
2602,1991,4,16
2603,1991,4,16
2604,1991,4,3
2605,1991,3,3
2606,1991,2,24
2607,1991,2,12
2608,1991,1,19
2609,1991,1,9
2610,1991,0,19
2611,1990,12,26
2612,1990,11,28
2613,1990,11,3
2614,1990,11,1
2615,1990,10,30
2616,1990,10,30
2617,1990,10,27
2618,1990,10,25
2619,1990,10,20
2620,1990,10,15
2621,1990,10,12
2622,1990,9,15
2623,1990,9,8
2624,1990,9,5
2625,1990,8,30
2626,1990,8,28
2627,1990,8,19
2628,1990,8,19
2629,1990,7,22
2630,1990,7,8
2631,1990,6,24
2632,1990,6,23
2633,1990,5,13
2634,1990,5,10
2635,1990,5,10
2636,1990,5,6
2637,1990,4,14
2638,1990,4,9
2639,1990,4,8
2640,1990,4,7
2641,1990,4,6
2642,1990,4,1
2643,1990,3,24
2644,1990,3,5
2645,1990,2,17
2646,1990,2,5
2647,1990,1,12
2648,1990,0,19
2649,1989,12,19
2650,1989,0,3
2651,1989,12,2
2652,1989,11,22
2653,1989,11,18
2654,1989,11,12
2655,1989,11,2
2656,1989,10,29
2657,1989,10,22
2658,1989,10,14
2659,1989,10,11
2660,1989,10,8
2661,1989,10,1
2662,1989,9,17
2663,1989,9,13
2664,1989,9,10
2665,1989,9,9
2666,1989,9,9
2667,1989,9,3
2668,1989,8,29
2669,1989,8,22
2670,1989,8,22
2671,1989,8,13
2672,1989,8,9
2673,1989,8,6
2674,1989,7,27
2675,1989,7,20
2676,1989,7,19
2677,1989,7,14
2678,1989,7,7
2679,1989,6,29
2680,1989,6,17
2681,1989,6,6
2682,1989,6,5
2683,1989,6,3
2684,1989,0,19
2685,1989,4,23
2686,1989,4,12
2687,1989,4,9
2688,1989,4,3
2689,1989,0,19
2690,1989,3,9
2691,1989,3,4
2692,1989,2,19
2693,1989,2,15
2694,1989,2,2
2695,1989,1,26
2696,1989,1,26
2697,1989,1,20
2698,1989,1,20
2699,1989,1,8
2700,1989,1,3
2701,1989,0,19
2702,1989,0,19
2703,1988,12,15
2704,1988,11,8
2705,1988,11,7
2706,1988,10,24
2707,1988,10,23
2708,1988,10,22
2709,1988,10,14
2710,1988,10,11
2711,1988,10,10
2712,1988,10,6
2713,1988,0,19
2714,1988,9,28
2715,1988,9,13
2716,1988,9,13
2717,1988,8,22
2718,1988,8,22
2719,1988,8,19
2720,1988,8,11
2721,1988,7,23
2722,1988,7,19
2723,1988,7,17
2724,1988,7,11
2725,1988,7,4
2726,1988,7,4
2727,1988,0,19
2728,1988,6,16
2729,1988,6,16
2730,1988,6,9
2731,1988,6,5
2732,1988,6,1
2733,1988,5,27
2734,1988,5,10
2735,1988,5,4
2736,1988,4,28
2737,1988,4,24
2738,1988,4,15
2739,1988,4,15
2740,1988,4,14
2741,1988,4,14
2742,1988,4,10
2743,1988,3,31
2744,1988,3,25
2745,1988,3,16
2746,1988,3,14
2747,1988,2,15
2748,1988,2,14
2749,1988,2,13
2750,1988,2,12
2751,1988,2,2
2752,1988,1,27
2753,1988,1,21
2754,1988,1,14
2755,1988,1,6
2756,1988,1,5
2757,1988,0,19
2758,1987,12,20
2759,1987,12,17
2760,1987,12,13
2761,1987,11,21
2762,1987,0,19
2763,1987,10,26
2764,1987,10,25
2765,1987,10,11
2766,1987,10,6
2767,1987,9,18
2768,1987,9,13
2769,1987,8,20
2770,1987,8,15
2771,1987,7,21
2772,1987,7,12
2773,1987,7,12
2774,1987,7,11
2775,1987,7,9
2776,1987,0,19
2777,1987,6,13
2778,1987,5,25
2779,1987,5,8
2780,1987,5,6
2781,1987,4,19
2782,1987,4,18
2783,1987,4,15
2784,1987,4,1
2785,1987,3,30
2786,1987,3,30
2787,1987,2,28
2788,1987,2,19
2789,1987,1,28
2790,1987,1,6
2791,1987,0,19
2792,1987,0,19
2793,1986,12,31
2794,1986,12,22
2795,1986,12,11
2796,1986,12,6
2797,1986,12,6
2798,1986,12,4
2799,1986,0,19
2800,1986,11,30
2801,1986,11,19
2802,1986,11,4
2803,1986,10,17
2804,1986,10,3
2805,1986,10,5
2806,1986,10,1
2807,1986,0,19
2808,1986,9,22
2809,1986,0,19
2810,1986,0,19
2811,1986,8,19
2812,1986,8,10
2813,1986,8,3
2814,1986,0,19
2815,1986,7,26
2816,1986,7,9
2817,1986,0,19
2818,1986,5,18
2819,1986,5,15
2820,1986,4,20
2821,1986,0,19
2822,1986,3,18
2823,1986,3,15
2824,1986,0,19
2825,1986,2,18
2826,1986,2,17
2827,1986,2,7
2828,1986,2,6
2829,1986,2,1
2830,1986,1,12
2831,1986,0,19
2832,1985,12,22
2833,1985,12,10
2834,1985,11,11
2835,1985,11,5
2836,1985,11,3
2837,1985,10,24
2838,1985,10,22
2839,1985,10,18
2840,1985,10,12
2841,1985,10,5
2842,1985,9,28
2843,1985,9,8
2844,1985,9,8
2845,1985,9,5
2846,1985,8,22
2847,1985,8,20
2848,1985,8,17
2849,1985,7,25
2850,1985,7,25
2851,1985,7,21
2852,1985,7,19
2853,1985,0,19
2854,1985,5,26
2855,1985,5,8
2856,1985,3,16
2857,1985,3,3
2858,1985,2,18
2859,1985,2,3
2860,1985,1,27
2861,1985,1,18
2862,1985,1,17
2863,1985,1,16
2864,1985,1,4
2865,1985,0,19
2866,1985,0,19
2867,1985,0,19
2868,1985,0,19
2869,1984,12,3
2870,1984,11,30
2871,1984,11,11
2872,1984,11,4
2873,1984,10,21
2874,1984,10,21
2875,1984,10,17
2876,1984,10,14
2877,1984,9,30
2878,1984,9,30
2879,1984,9,23
2880,1984,9,22
2881,1984,9,22
2882,1984,9,19
2883,1984,9,17
2884,1984,9,15
2885,1984,9,11
2886,1984,8,24
2887,1984,8,7
2888,1984,7,24
2889,1984,7,24
2890,1984,7,22
2891,1984,7,1
2892,1984,0,19
2893,1984,6,15
2894,1984,6,3
2895,1984,6,3
2896,1984,5,31
2897,1984,3,17
2898,1984,3,14
2899,1984,3,10
2900,1984,3,1
2901,1984,2,18
2902,1984,2,17
2903,1984,2,12
2904,1984,2,11
2905,1984,1,5
2906,1984,1,4
2907,1984,0,19
2908,1984,0,19
2909,1983,12,30
2910,1983,12,25
2911,1983,12,24
2912,1983,12,22
2913,1983,12,21
2914,1983,12,7
2915,1983,11,21
2916,1983,11,10
2917,1983,11,10
2918,1983,10,17
2919,1983,10,13
2920,1983,9,4
2921,1983,8,20
2922,1983,8,20
2923,1983,8,15
2924,1983,8,13
2925,1983,8,13
2926,1983,8,6
2927,1983,7,26
2928,1983,7,25
2929,1983,7,25
2930,1983,7,15
2931,1983,7,12
2932,1983,7,8
2933,1983,7,5
2934,1983,6,29
2935,1983,6,22
2936,1983,6,20
2937,1983,6,15
2938,1983,6,15
2939,1983,0,19
2940,1983,5,31
2941,1983,0,24
2942,1983,5,21
2943,1983,4,19
2944,1983,4,12
2945,1983,4,2
2946,1983,4,2
2947,1983,3,30
2948,1983,3,22
2949,1983,3,10
2950,1983,0,19
2951,1983,2,20
2952,1983,1,24
2953,1983,1,15
2954,1983,1,10
2955,1983,1,8
2956,1983,0,19
2957,1983,0,19
2958,1983,0,19
2959,1982,0,19
2960,1982,10,13
2961,1982,9,30
2962,1982,9,30
2963,1982,9,27
2964,1982,9,25
2965,1982,9,19
2966,1982,9,4
2967,1982,8,29
2968,1982,8,29
2969,1982,8,29
2970,1982,0,19
2971,1982,7,31
2972,1982,7,24
2973,1982,7,24
2974,1982,7,19
2975,1982,7,11
2976,1982,7,1
2977,1982,0,19
2978,1982,6,29
2979,1982,6,26
2980,1982,6,26
2981,1982,6,25
2982,1982,6,13
2983,1982,0,19
2984,1982,3,10
2985,1982,3,7
2986,1982,0,19
2987,1982,2,28
2988,1982,2,27
2989,1982,2,17
2990,1982,2,14
2991,1982,2,14
2992,1982,2,13
2993,1982,2,7
2994,1982,2,7
2995,1982,1,29
2996,1982,0,19
2997,1982,0,19
2998,1982,0,19
2999,1981,12,19
3000,1981,12,13
3001,1981,12,13
3002,1981,11,30
3003,1981,10,19
3004,1981,11,9
3005,1981,10,19
3006,1981,10,17
3007,1981,10,16
3008,1981,10,1
3009,1981,9,28
3010,1981,9,27
3011,1981,9,15
3012,1981,9,3
3013,1981,9,3
3014,1981,8,29
3015,1981,8,24
3016,1981,8,24
3017,1981,8,10
3018,1981,8,10
3019,1981,8,7
3020,1981,7,20
3021,1981,7,18
3022,1981,7,7
3023,1981,7,1
3024,1981,6,15
3025,1981,6,12
3026,1981,5,24
3027,1981,5,23
3028,1981,5,20
3029,1981,5,19
3030,1981,5,16
3031,1981,5,10
3032,1981,5,7
3033,1981,3,8
3034,1981,5,5
3035,1981,3,25
3036,1981,3,24
3037,1981,3,4
3038,1981,0,19
3039,1981,2,19
3040,1981,2,16
3041,1981,2,7
3042,1981,2,2
3043,1981,0,19
3044,1981,1,30
3045,1981,1,1
3046,1981,0,19
3047,1981,0,19
3048,1980,0,12
3049,1980,12,26
3050,1980,11,24
3051,1980,11,18
3052,1980,11,17
3053,1980,11,11
3054,1980,10,27
3055,1980,10,17
3056,1980,8,22
3057,1980,8,10
3058,1980,8,4
3059,1980,7,26
3060,1980,7,27
3061,1980,7,23
3062,1980,0,19
3063,1980,0,19
3064,1980,6,26
3065,1980,5,15
3066,1980,4,25
3067,1980,4,22
3068,1980,0,19
3069,1980,3,29
3070,1980,3,28
3071,1980,3,15
3072,1980,3,11
3073,1980,1,31
3074,1980,1,25
3075,1980,1,15
3076,1980,1,13
3077,1980,1,10
3078,1980,1,5
3079,1980,0,19
3080,1980,0,19
3081,1980,0,19
3082,1980,0,19
3083,1979,12,21
3084,1979,12,5
3085,1979,12,1
3086,1979,11,27
3087,1979,11,12
3088,1979,10,22
3089,1979,9,14
3090,1979,8,28
3091,1979,8,26
3092,1979,8,5
3093,1979,8,3
3094,1979,6,19
3095,1979,5,27
3096,1979,0,5
3097,1979,5,3
3098,1979,0,19
3099,1979,0,19
3100,1979,4,8
3101,1979,4,8
3102,1979,3,24
3103,1979,3,11
3104,1979,3,1
3105,1979,0,19
3106,1979,2,21
3107,1979,0,19
3108,1978,12,29
3109,1978,12,12
3110,1978,11,26
3111,1978,11,23
3112,1978,10,21
3113,1978,9,27
3114,1978,9,16
3115,1978,9,2
3116,1978,8,5
3117,1978,8,1
3118,1978,7,27
3119,1978,7,19
3120,1978,6,21
3121,1978,6,21
3122,1978,6,7
3123,1978,4,2
3124,1978,4,2
3125,1978,0,19
3126,1978,3,5
3127,1978,2,28
3128,1978,2,19
3129,1978,1,7
3130,1978,1,6
3131,1978,0,19
3132,1978,0,19
3133,1977,12,31
3134,1977,12,19
3135,1977,12,19
3136,1977,0,19
3137,1977,11,12
3138,1977,10,30
3139,1977,8,31
3140,1977,8,23
3141,1977,8,19
3142,1977,8,14
3143,1977,8,5
3144,1977,7,2
3145,1977,6,26
3146,1977,6,6
3147,1977,5,26
3148,1977,5,16
3149,1977,4,26
3150,1977,4,21
3151,1977,3,17
3152,1977,3,13
3153,1977,3,13
3154,1977,3,13
3155,1977,2,26
3156,1977,2,4
3157,1977,0,19
3158,1977,0,19
3159,1976,12,29
3160,1976,12,18
3161,1976,11,27
3162,1976,11,26
3163,1976,11,25
3164,1976,11,23
3165,1976,0,19
3166,1976,10,27
3167,1976,10,18
3168,1976,10,6
3169,1976,9,22
3170,1976,9,19
3171,1976,9,17
3172,1976,9,12
3173,1976,9,12
3174,1976,9,6
3175,1976,8,26
3176,1976,8,24
3177,1976,7,24
3178,1976,7,21
3179,1976,7,16
3180,1976,7,12
3181,1976,6,23
3182,1976,6,10
3183,1976,6,2
3184,1976,6,1
3185,1976,5,2
3186,1976,4,28
3187,1976,3,12
3188,1976,3,12
3189,1976,3,9
3190,1976,3,2
3191,1976,2,3
3192,1976,1,13
3193,1976,1,12
3194,1976,1,11
3195,1976,1,8
3196,1976,1,2
3197,1976,0,19
3198,1975,12,29
3199,1975,12,6
3200,1975,12,2
3201,1975,11,19
3202,1975,11,19
3203,1975,11,7
3204,1975,11,2
3205,1975,10,21
3206,1975,10,12
3207,1975,10,4
3208,1975,0,19
3209,1975,8,17
3210,1975,8,12
3211,1975,8,9
3212,1975,8,4
3213,1975,7,30
3214,1975,7,30
3215,1975,7,26
3216,1975,7,26
3217,1975,7,23
3218,1975,7,19
3219,1975,7,15
3220,1975,0,19
3221,1975,7,4
3222,1975,6,23
3223,1975,6,23
3224,1975,6,15
3225,1975,6,2
3226,1975,0,19
3227,1975,5,25
3228,1975,0,20
3229,1975,4,25
3230,1975,4,18
3231,1975,4,5
3232,1975,3,29
3233,1975,3,18
3234,1975,3,16
3235,1975,3,13
3236,1975,3,9
3237,1975,0,19
3238,1975,2,23
3239,1975,2,14
3240,1975,2,10
3241,1975,2,9
3242,1975,2,7
3243,1975,2,1
3244,1975,1,19
3245,1975,0,19
3246,1975,0,19
3247,1974,12,12
3248,1974,11,1
3249,1974,9,28
3250,1974,9,14
3251,1974,9,7
3252,1974,9,2
3253,1974,9,2
3254,1974,9,1
3255,1974,0,19
3256,1974,8,23
3257,1974,8,16
3258,1974,8,16
3259,1974,8,16
3260,1974,8,10
3261,1974,8,5
3262,1974,7,26
3263,1974,7,20
3264,1974,7,2
3265,1974,6,20
3266,1974,5,26
3267,1974,4,25
3268,1974,4,20
3269,1974,4,14
3270,1974,4,12
3271,1974,4,4
3272,1974,3,21
3273,1974,0,19
3274,1974,2,13
3275,1974,2,13
3276,1974,0,19
3277,1974,0,19
3278,1974,1,13
3279,1974,1,9
3280,1974,1,7
3281,1974,1,7
3282,1974,1,7
3283,1974,0,19
3284,1974,0,19
3285,1973,12,25
3286,1973,12,21
3287,1973,12,18
3288,1973,12,18
3289,1973,0,19
3290,1973,11,25
3291,1973,11,24
3292,1973,11,3
3293,1973,9,29
3294,1973,9,14
3295,1973,9,10
3296,1973,9,9
3297,1973,0,19
3298,1973,8,27
3299,1973,8,25
3300,1973,8,16
3301,1973,6,13
3302,1973,4,4
3303,1973,3,26
3304,1973,3,5
3305,1973,0,19
3306,1973,2,27
3307,1973,1,21
3308,1973,1,9
3309,1973,0,19
3310,1973,0,19
3311,1973,0,19
3312,1972,12,31
3313,1972,12,26
3314,1972,12,25
3315,1972,12,24
3316,1972,12,21
3317,1972,12,8
3318,1972,12,1
3319,1972,10,21
3320,1972,10,21
3321,1972,10,14
3322,1972,10,14
3323,1972,10,10
3324,1972,9,9
3325,1972,9,4
3326,1972,8,29
3327,1972,8,17
3328,1972,8,8
3329,1972,7,5
3330,1972,6,26
3331,1972,6,26
3332,1972,6,10
3333,1972,5,28
3334,1972,5,6
3335,1972,4,16
3336,1972,4,1
3337,1972,4,1
3338,1972,3,21
3339,1972,3,16
3340,1972,2,20
3341,1972,2,12
3342,1972,1,1
3343,1971,1,1
3344,1971,1,1
3345,1972,0,19
3346,1972,0,19
3347,1971,12,23
3348,1971,12,16
3349,1971,12,5
3350,1971,11,25
3351,1971,10,27
3352,1971,10,23
3353,1971,10,14
3354,1971,10,2
3355,1971,9,25
3356,1971,9,7
3357,1971,9,5
3358,1971,8,21
3359,1971,7,26
3360,1971,7,19
3361,1971,6,30
3362,1971,6,1
3363,1971,4,16
3364,1971,4,11
3365,1971,0,19
3366,1971,0,19
3367,1971,0,19
3368,1971,0,19
3369,1971,3,30
3370,1971,1,2
3371,1971,0,19
3372,1971,0,19
3373,1971,0,19
3374,1970,12,17
3375,1970,12,13
3376,1970,12,7
3377,1970,12,3
3378,1970,0,19
3379,1970,10,24
3380,1970,0,19
3381,1970,9,28
3382,1970,9,13
3383,1970,9,5
3384,1970,9,2
3385,1970,0,19
3386,1970,0,19
3387,1970,8,2
3388,1970,0,19
3389,1970,6,22
3390,1970,6,15
3391,1970,6,13
3392,1970,6,13
3393,1970,0,19
3394,1970,0,19
3395,1970,0,19
3396,1970,0,19
3397,1970,3,31
3398,1970,3,23
3399,1970,0,19
3400,1970,1,23
3401,1970,1,23
3402,1970,1,23
3403,1970,1,23
3404,1970,1,16
3405,1970,1,10
3406,1970,1,9
3407,1970,0,19
3408,1970,0,19
3409,1970,0,19
3410,1970,0,19
3411,1970,0,19
3412,1970,0,19
3413,1970,0,19
3414,1970,0,19
3415,1970,0,19
3416,1969,11,30
3417,1969,11,11
3418,1969,11,5
3419,1969,10,14
3420,1969,9,6
3421,1969,8,29
3422,1969,8,22
3423,1969,8,2
3424,1969,8,2
3425,1969,0,19
3426,1969,7,27
3427,1969,7,22
3428,1969,7,20
3429,1969,6,27
3430,1969,6,12
3431,1969,0,19
3432,1969,5,25
3433,1969,5,24
3434,1969,5,22
3435,1969,5,14
3436,1969,4,22
3437,1969,8,19
3438,1969,3,25
3439,1969,3,9
3440,1969,2,17
3441,1969,0,19
3442,1969,1,27
3443,1969,0,19
3444,1969,0,19
3445,1968,12,29
3446,1968,12,26
3447,1968,12,25
3448,1968,12,9
3449,1968,12,2
3450,1968,0,19
3451,1968,11,6
3452,1968,11,4
3453,1968,11,2
3454,1968,10,29
3455,1968,10,13
3456,1968,10,10
3457,1968,9,22
3458,1968,9,15
3459,1968,8,24
3460,1968,8,21
3461,1968,8,13
3462,1968,8,11
3463,1968,8,8
3464,1968,7,27
3465,1968,7,23
3466,1968,7,16
3467,1968,7,10
3468,1968,0,19
3469,1968,6,25
3470,1968,6,9
3471,1968,0,19
3472,1968,5,18
3473,1968,0,19
3474,1968,4,29
3475,1968,4,20
3476,1968,4,15
3477,1968,4,11
3478,1968,4,7
3479,1968,3,25
3480,1968,3,10
3481,1968,0,19
3482,1968,2,26
3483,1968,2,20
3484,1968,2,18
3485,1968,2,4
3486,1968,2,2
3487,1968,0,19
3488,1968,1,17
3489,1968,0,19
3490,1968,0,19
3491,1968,0,19
3492,1967,12,30
3493,1967,12,21
3494,1967,12,18
3495,1967,12,17
3496,1967,12,14
3497,1967,11,30
3498,1967,11,30
3499,1967,11,15
3500,1967,11,4
3501,1967,0,19
3502,1967,10,26
3503,1967,10,17
3504,1967,0,19
3505,1967,9,20
3506,1967,9,13
3507,1967,9,7
3508,1967,9,7
3509,1967,9,6
3510,1967,9,1
3511,1967,8,27
3512,1967,8,26
3513,1967,8,25
3514,1967,8,19
3515,1967,8,15
3516,1967,8,14
3517,1967,8,10
3518,1967,8,7
3519,1967,0,19
3520,1967,0,19
3521,1967,7,29
3522,1967,7,5
3523,1967,0,19
3524,1967,6,13
3525,1967,0,19
3526,1967,5,13
3527,1967,5,9
3528,1967,0,19
3529,1967,3,20
3530,1967,3,19
3531,1967,3,12
3532,1967,3,10
3533,1967,3,9
3534,1967,3,1
3535,1967,2,6
3536,1967,1,27
3537,1967,1,22
3538,1967,1,21
3539,1967,1,6
3540,1966,12,31
3541,1966,12,27
3542,1966,12,27
3543,1966,12,26
3544,1966,12,26
3545,1966,11,14
3546,1966,0,19
3547,1966,10,30
3548,1966,10,19
3549,1966,9,27
3550,1966,9,19
3551,1966,9,18
3552,1966,9,13
3553,1966,9,10
3554,1966,0,19
3555,1966,0,19
3556,1966,8,28
3557,1966,8,27
3558,1966,8,27
3559,1966,8,23
3560,1966,8,23
3561,1966,8,16
3562,1966,8,14
3563,1966,8,13
3564,1966,0,19
3565,1966,0,19
3566,1966,7,31
3567,1966,7,19
3568,1966,7,17
3569,1966,7,17
3570,1966,7,14
3571,1966,7,3
3572,1966,7,2
3573,1966,6,22
3574,1966,6,11
3575,1966,6,4
3576,1966,6,2
3577,1966,5,20
3578,1966,5,20
3579,1966,5,20
3580,1966,5,16
3581,1966,5,16
3582,1966,4,8
3583,1966,0,19
3584,1966,3,20
3585,1966,3,14
3586,1966,2,27
3587,1966,1,29
3588,1966,1,25
3589,1966,1,22
3590,1966,1,15
3591,1966,1,14
3592,1966,1,11
3593,1966,1,10
3594,1966,1,9
3595,1966,1,8
3596,1966,1,5
3597,1996,0,19
3598,1965,12,28
3599,1965,12,19
3600,1965,12,10
3601,1965,11,21
3602,1965,11,21
3603,1965,11,3
3604,1965,11,3
3605,1965,10,21
3606,1965,10,16
3607,1965,10,16
3608,1965,10,10
3609,1965,0,19
3610,1965,9,21
3611,1965,9,12
3612,1965,9,8
3613,1965,8,30
3614,1965,8,26
3615,1964,7,30
3616,1965,7,26
3617,1965,7,2
3618,1965,6,19
3619,1965,6,18
3620,1965,6,9
3621,1965,0,19
3622,1965,0,19
3623,1965,5,29
3624,1965,5,28
3625,1965,0,19
3626,1965,0,19
3627,1965,0,19
3628,1965,4,29
3629,1965,4,25
3630,1965,4,10
3631,1965,4,4
3632,1965,4,4
3633,1965,3,23
3634,1965,3,14
3635,1965,2,14
3636,1965,2,4
3637,1965,1,25
3638,1965,1,23
3639,1965,1,16
3640,1965,1,10
3641,1965,1,9
3642,1965,0,19
3643,1965,0,19
3644,1965,0,19
3645,1965,0,19
3646,1965,0,19
3647,1965,0,19
3648,1965,0,19
3649,1964,12,25
3650,1964,12,10
3651,1964,12,10
3652,1964,12,9
3653,1964,12,6
3654,1964,11,29
3655,1964,11,18
3656,1964,11,13
3657,1964,11,5
3658,1964,10,31
3659,1964,10,25
3660,1964,10,4
3661,1964,9,27
3662,1964,9,20
3663,1964,9,7
3664,1964,8,26
3665,1964,8,23
3666,1964,8,22
3667,1964,8,21
3668,1964,8,8
3669,1964,8,3
3670,1964,0,19
3671,1964,7,27
3672,1964,7,16
3673,1964,7,15
3674,1964,7,10
3675,1964,7,8
3676,1964,0,19
3677,1964,0,19
3678,1964,6,29
3679,1964,6,28
3680,1964,6,24
3681,1964,6,17
3682,1964,6,23
3683,1964,6,2
3684,1964,5,30
3685,1964,5,8
3686,1964,0,19
3687,1964,4,7
3688,1964,3,28
3689,1964,3,28
3690,1964,3,5
3691,1964,0,19
3692,1964,2,17
3693,1964,2,14
3694,1964,2,14
3695,1964,2,11
3696,1964,2,10
3697,1954,2,8
3698,1964,2,5
3699,1964,2,5
3700,1964,2,2
3701,1964,2,1
3702,1964,0,19
3703,1964,0,19
3704,1964,1,27
3705,1964,1,23
3706,1964,1,22
3707,1964,1,21
3708,1964,1,18
3709,1964,1,11
3710,1964,1,6
3711,1964,1,4
3712,1964,1,1
3713,1964,1,1
3714,1964,0,19
3715,1963,12,29
3716,1963,12,26
3717,1963,12,26
3718,1963,12,25
3719,1963,12,22
3720,1963,12,22
3721,1963,12,21
3722,1963,12,20
3723,1963,12,20
3724,1963,12,8
3725,1963,12,4
3726,1963,11,30
3727,1963,11,30
3728,1963,11,28
3729,1963,11,25
3730,1963,11,16
3731,1963,11,14
3732,1963,11,12
3733,1963,11,5
3734,1963,11,4
3735,1963,10,16
3736,1963,10,15
3737,1963,9,29
3738,1963,9,26
3739,1963,9,22
3740,1963,9,13
3741,1963,9,10
3742,1963,0,19
3743,1963,7,28
3744,1963,7,15
3745,1963,7,11
3746,1963,7,10
3747,1963,0,19
3748,1963,6,1
3749,1963,6,1
3750,1963,5,18
3751,1963,5,14
3752,1963,4,22
3753,1963,4,20
3754,1963,4,17
3755,1963,4,13
3756,1963,4,12
3757,1963,4,8
3758,1963,3,30
3759,1963,2,27
3760,1963,2,24
3761,1963,2,8
3762,1963,2,6
3763,1963,2,4
3764,1963,1,30
3765,1963,1,28
3766,1963,1,26
3767,1963,1,22
3768,1963,1,14
3769,1963,1,12
3770,1963,1,11
3771,1963,1,6
3772,1963,1,4
3773,1963,0,19
3774,1963,0,19
3775,1963,0,19
3776,1962,12,30
3777,1962,12,9
3778,1962,0,19
3779,1962,11,29
3780,1962,11,25
3781,1962,11,11
3782,1962,11,10
3783,1962,0,19
3784,1962,10,28
3785,1962,10,25
3786,1962,10,15
3787,1962,10,14
3788,1962,10,6
3789,1962,0,19
3790,1962,9,30
3791,1962,9,22
3792,1962,9,13
3793,1962,9,2
3794,1962,8,31
3795,1962,8,30
3796,1962,8,30
3797,1962,8,29
3798,1962,8,26
3799,1962,8,23
3800,1962,8,19
3801,1962,8,12
3802,1962,8,1
3803,1962,0,19
3804,1962,0,19
3805,1962,7,28
3806,1962,7,20
3807,1962,7,19
3808,1962,7,10
3809,1962,7,7
3810,1962,7,3
3811,1962,6,25
3812,1962,6,21
3813,1962,6,17
3814,1962,6,11
3815,1962,6,11
3816,1962,6,11
3817,1962,6,10
3818,1962,6,10
3819,1962,6,7
3820,1962,6,4
3821,1962,6,3
3822,1962,5,29
3823,1962,5,12
3824,1962,0,19
3825,1962,4,20
3826,1962,4,9
3827,1962,4,7
3828,1962,4,5
3829,1962,3,25
3830,1962,3,25
3831,1962,3,24
3832,1962,2,23
3833,1962,2,18
3834,1962,2,15
3835,1962,2,7
3836,1962,2,5
3837,1962,2,4
3838,1962,2,2
3839,1962,0,19
3840,1962,1,27
3841,1962,1,26
3842,1962,1,21
3843,1962,1,18
3844,1962,1,16
3845,1962,1,15
3846,1962,1,14
3847,1962,1,14
3848,1962,1,14
3849,1962,1,11
3850,1962,1,11
3851,1962,1,11
3852,1962,1,10
3853,1962,1,8
3854,1962,1,7
3855,1962,1,7
3856,1962,1,6
3857,1962,1,2
3858,1962,1,1
3859,1962,0,19
3860,1962,0,19
3861,1962,0,19
3862,1961,12,28
3863,1961,12,28
3864,1961,12,28
3865,1961,12,27
3866,1961,12,19
3867,1961,12,18
3868,1961,12,18
3869,1961,12,13
3870,1961,11,14
3871,1961,10,17
3872,1961,10,9
3873,1961,0,19
3874,1961,0,19
3875,1961,9,26
3876,1961,9,24
3877,1961,9,24
3878,1961,9,23
3879,1961,9,7
3880,1961,9,6
3881,1961,9,6
3882,1961,8,20
3883,1961,8,16
3884,1961,8,4
3885,1961,8,2
3886,1961,8,1
3887,1961,7,29
3888,1961,7,16
3889,1961,7,7
3890,1961,0,19
3891,1961,0,19
3892,1961,6,24
3893,1961,6,18
3894,1961,6,6
3895,1961,6,2
3896,1961,6,1
3897,1961,5,21
3898,1961,5,17
3899,1961,5,15
3900,1961,5,7
3901,1961,4,30
3902,1961,4,25
3903,1961,4,21
3904,1961,4,17
3905,1961,4,16
3906,1961,4,16
3907,1961,4,14
3908,1961,4,9
3909,1961,4,8
3910,1961,4,3
3911,1961,0,19
3912,1961,3,30
3913,1961,3,18
3914,1961,3,14
3915,1961,3,12
3916,1961,3,9
3917,1961,3,7
3918,1961,0,19
3919,1961,2,17
3920,1961,2,17
3921,1961,2,16
3922,1961,2,12
3923,1961,2,1
3924,1961,2,1
3925,1961,0,19
3926,1961,1,25
3927,1961,1,22
3928,1961,1,15
3929,1961,1,6
3930,1961,1,6
3931,1961,1,6
3932,1961,1,5
3933,1961,1,3
3934,1961,1,3
3935,1961,1,2
3936,1961,0,19
3937,1961,1,1
3938,1961,0,19
3939,1961,0,19
3940,1961,0,19
3941,1960,12,27
3942,1960,12,27
3943,1960,12,24
3944,1960,12,20
3945,1960,12,1
3946,1960,11,27
3947,1960,11,22
3948,1960,11,11
3949,1960,11,6
3950,1960,0,19
3951,1960,0,19
3952,1960,0,19
3953,1960,10,25
3954,1960,10,24
3955,1960,10,1
3956,1960,0,19
3957,1960,0,19
3958,1960,0,19
3959,1960,0,19
3960,1960,0,19
3961,1960,9,24
3962,1960,9,22
3963,1960,9,18
3964,1960,9,2
3965,1960,9,1
3966,1960,8,30
3967,1960,8,29
3968,1960,8,25
3969,1960,8,24
3970,1960,8,22
3971,1960,8,22
3972,1960,8,21
3973,1960,8,14
3974,1960,8,10
3975,1960,8,4
3976,1960,8,4
3977,1960,0,19
3978,1960,7,27
3979,1960,7,5
3980,1960,7,3
3981,1960,7,2
3982,1960,6,29
3983,1960,6,27
3984,1960,6,27
3985,1960,6,24
3986,1960,6,7
3987,1960,6,5
3988,1960,6,4
3989,1960,5,29
3990,1960,5,24
3991,1960,5,19
3992,1960,5,16
3993,1960,5,1
3994,1960,4,30
3995,1960,4,24
3996,1960,4,22
3997,1960,4,20
3998,1960,4,14
3999,1960,4,12
4000,1960,4,10
4001,1960,4,3
4002,1960,4,3
4003,1960,4,1
4004,1960,0,19
4005,1960,0,19
4006,1960,0,19
4007,1960,3,31
4008,1960,3,28
4009,1960,2,29
4010,1960,2,27
4011,1960,2,27
4012,1960,2,24
4013,1960,2,19
4014,1960,2,10
4015,1960,2,7
4016,1960,2,3
4017,1960,1,30
4018,1960,1,26
4019,1960,1,21
4020,1960,1,16
4021,1960,1,13
4022,1960,1,7
4023,1960,1,1
4024,1960,0,19
4025,1960,0,19
4026,1960,0,19
4027,1960,0,19
4028,1960,0,19
4029,1960,0,19
4030,1960,0,19
4031,1960,0,19
4032,1960,0,19
4033,1960,0,19
4034,1959,12,29
4035,1959,12,28
4036,1959,12,26
4037,1959,12,19
4038,1959,12,19
4039,1959,12,11
4040,1959,12,7
4041,1959,12,3
4042,1959,0,19
4043,1959,11,29
4044,1959,11,28
4045,1959,11,22
4046,1959,11,16
4047,1959,11,15
4048,1959,11,12
4049,1959,11,10
4050,1959,11,9
4051,1959,11,1
4052,1959,10,7
4053,1959,10,5
4054,1959,10,4
4055,1959,10,2
4056,1959,0,19
4057,1959,9,30
4058,1959,9,27
4059,1959,9,26
4060,1959,9,26
4061,1959,9,10
4062,1959,9,10
4063,1959,9,2
4064,1959,0,19
4065,1959,8,31
4066,1959,8,30
4067,1959,8,25
4068,1959,8,20
4069,1959,8,15
4070,1959,8,15
4071,1959,8,14
4072,1959,8,14
4073,1959,8,13
4074,1959,8,12
4075,1959,8,11
4076,1959,8,10
4077,1959,8,5
4078,2176,0,21
4079,1959,7,30
4080,1959,7,28
4081,1959,7,25
4082,1959,7,25
4083,1959,7,23
4084,1959,7,23
4085,1959,7,3
4086,1959,7,2
4087,1959,0,19
4088,1959,0,19
4089,1959,6,26
4090,1959,6,14
4091,1959,6,14
4092,1959,6,13
4093,1959,5,30
4094,1959,5,16
4095,1959,5,7
4096,1959,5,3
4097,1959,0,19
4098,1959,4,27
4099,1959,4,11
4100,1959,4,9
4101,1959,4,9
4102,1959,4,5
4103,1959,3,29
4104,1959,3,8
4105,1959,0,19
4106,1959,2,28
4107,1959,2,27
4108,1959,2,16
4109,1959,2,2
4110,1959,2,1
4111,1959,1,31
4112,1959,1,27
4113,1959,1,25
4114,1959,1,17
4115,1959,1,17
4116,1959,1,15
4117,1959,1,12
4118,1959,1,2
4119,1959,0,19
4120,1959,0,19
4121,1959,0,19
4122,1959,0,19
4123,1959,0,19
4124,1959,0,19
4125,1959,0,19
4126,1959,0,19
4127,1958,12,28
4128,1958,12,27
4129,1958,12,23
4130,1958,12,13
4131,1958,12,12
4132,1958,11,23
4133,1958,11,14
4134,1958,11,7
4135,1958,11,5
4136,1958,10,12
4137,1958,10,5
4138,1958,0,19
4139,1958,0,19
4140,1958,9,13
4141,1958,9,6
4142,1958,9,1
4143,1958,8,31
4144,1958,8,1
4145,1958,7,31
4146,1958,7,27
4147,1958,7,27
4148,1958,7,10
4149,1958,7,8
4150,1958,7,4
4151,1958,7,4
4152,1958,7,2
4153,1958,7,1
4154,1958,0,19
4155,1958,0,19
4156,1958,6,26
4157,1958,6,24
4158,1958,6,17
4159,1958,6,15
4160,1958,6,2
4161,1958,4,30
4162,1958,4,19
4163,1958,4,5
4164,1958,4,3
4165,1958,0,19
4166,1958,2,19
4167,1958,2,1
4168,1958,1,27
4169,1958,1,19
4170,1958,1,9
4171,1958,1,9
4172,1958,0,19
4173,1958,0,19
4174,1958,0,19
4175,1958,0,19
4176,1958,0,19
4177,1958,0,19
4178,1958,0,19
4179,1958,0,19
4180,1958,0,19
4181,1957,12,31
4182,1957,12,30
4183,1957,12,26
4184,1957,12,23
4185,1957,12,20
4186,1957,12,18
4187,1957,11,8
4188,1957,11,4
4189,1957,10,24
4190,1957,10,23
4191,1957,9,2
4192,1957,0,19
4193,1957,7,24
4194,1957,7,15
4195,1957,7,9
4196,1957,6,21
4197,1957,5,11
4198,1957,5,7
4199,1957,0,19
4200,1957,4,28
4201,1957,4,23
4202,1957,4,22
4203,1957,4,13
4204,1957,4,7
4205,1957,4,7
4206,1957,2,24
4207,1957,2,5
4208,1957,2,2
4209,1957,0,19
4210,1957,1,5
4211,1957,0,19
4212,1957,0,19
4213,1957,0,19
4214,1957,0,19
4215,1957,0,19
4216,1957,0,19
4217,1957,0,19
4218,1957,0,19
4219,1957,0,19
4220,1957,0,19
4221,1957,0,19
4222,1956,12,26
4223,1956,12,24
4224,1956,12,15
4225,1956,12,9
4226,1956,10,27
4227,1956,10,20
4228,1956,10,7
4229,1956,0,19
4230,1956,9,23
4231,1956,9,13
4232,1956,0,19
4233,1956,0,19
4234,1956,8,25
4235,1956,8,20
4236,1956,8,15
4237,1956,8,15
4238,1956,8,15
4239,1956,0,19
4240,1956,0,19
4241,1956,0,19
4242,1956,0,19
4243,1956,0,19
4244,1956,0,19
4245,1956,7,28
4246,1956,7,26
4247,1956,7,20
4248,1956,7,17
4249,1956,7,12
4250,1956,6,28
4251,1956,6,22
4252,1956,6,20
4253,1956,5,26
4254,1956,5,7
4255,1956,0,19
4256,1956,3,25
4257,1956,3,11
4258,1956,3,4
4259,1956,0,19
4260,1956,2,26
4261,1956,2,10
4262,1956,1,16
4263,1956,1,16
4264,1956,1,5
4265,1956,0,19
4266,1956,0,19
4267,1956,0,19
4268,1956,0,19
4269,1956,0,19
4270,1956,0,19
4271,1956,0,19
4272,1956,0,19
4273,1955,12,31
4274,1955,12,11
4275,1955,11,16
4276,1955,0,19
4277,1955,10,16
4278,1955,9,23
4279,1955,9,23
4280,1955,9,20
4281,1955,9,4
4282,1955,9,3
4283,1955,8,30
4284,1955,8,30
4285,1955,8,26
4286,1955,8,8
4287,1955,8,4
4288,1955,0,19
4289,1955,0,19
4290,1955,7,25
4291,1955,6,23
4292,1955,7,15
4293,1955,7,7
4294,1955,5,8
4295,1955,0,19
4296,1955,4,13
4297,1955,4,12
4298,1955,0,19
4299,1955,3,9
4300,1955,0,19
4301,1955,0,19
4302,1955,2,10
4303,1955,2,6
4304,1955,2,5
4305,1955,2,4
4306,1955,2,1
4307,1955,0,19
4308,1955,1,17
4309,1955,1,15
4310,1955,0,19
4311,1955,0,19
4312,1955,0,19
4313,1955,0,19
4314,1955,0,19
4315,1955,0,19
4316,1954,12,29
4317,1954,12,11
4318,1954,12,9
4319,1954,12,4
4320,1954,11,20
4321,1954,10,7
4322,1954,10,6
4323,1954,10,2
4324,1954,10,2
4325,1954,9,21
4326,1954,9,15
4327,1954,9,4
4328,1995,0,19
4329,1954,8,12
4330,1954,8,12
4331,1954,7,30
4332,1954,7,28
4333,1954,7,27
4334,1954,7,15
4335,1954,7,4
4336,1954,7,3
4337,1954,7,2
4338,1954,7,1
4339,1954,6,29
4340,1954,6,27
4341,1954,0,19
4342,1954,5,26
4343,1954,0,19
4344,1954,4,8
4345,1954,0,19
4346,1954,2,27
4347,1954,1,30
4348,1954,1,22
4349,1954,1,22
4350,1954,1,15
4351,1954,0,19
4352,1954,0,19
4353,1954,0,19
4354,1954,0,19
4355,1954,0,19
4356,1954,0,19
4357,1954,0,19
4358,1953,12,30
4359,1953,12,22
4360,1953,12,13
4361,1953,0,19
4362,1953,0,19
4363,1953,9,27
4364,1953,9,20
4365,1953,9,18
4366,1953,9,3
4367,1953,9,2
4368,1953,0,19
4369,1953,7,31
4370,1953,7,26
4371,1953,7,16
4372,1953,7,15
4373,1953,7,11
4374,1953,7,9
4375,1953,7,4
4376,1953,7,1
4377,1953,0,19
4378,1953,4,7
4379,1953,4,4
4380,1953,0,19
4381,1953,0,19
4382,1953,0,19
4383,1953,3,19
4384,1953,0,19
4385,1953,0,19
4386,1953,2,18
4387,1953,2,15
4388,1953,0,19
4389,1953,1,20
4390,1953,1,8
4391,1953,0,19
4392,1953,0,19
4393,1953,0,19
4394,1952,12,24
4395,1952,12,21
4396,1962,12,14
4397,1952,8,4
4398,1952,8,3
4399,1952,0,19
4400,1952,12,3
4401,1952,10,12
4402,1952,8,6
4403,1952,8,5
4404,1952,7,27
4405,1952,7,27
4406,1952,7,27
4407,1952,7,27
4408,1952,7,13
4409,1952,7,5
4410,1952,5,27
4411,1952,5,7
4412,1952,0,19
4413,1952,4,6
4414,1952,0,19
4415,1952,3,30
4416,1952,1,23
4417,1952,1,7
4418,1952,0,19
4419,1952,0,19
4420,1952,0,19
4421,1952,0,19
4422,1952,0,19
4423,1951,12,21
4424,1951,12,16
4425,1951,0,19
4426,1951,0,19
4427,1951,11,29
4428,1951,11,28
4429,1951,11,28
4430,1951,11,23
4431,1951,10,22
4432,1951,10,5
4433,1951,9,29
4434,1951,9,3
4435,1951,9,2
4436,1951,8,17
4437,1951,8,17
4438,1951,8,16
4439,1951,8,1
4440,1951,7,19
4441,1951,7,11
4442,1951,6,25
4443,1951,0,19
4444,1951,5,22
4445,1951,5,9
4446,1951,3,26
4447,1951,3,24
4448,1951,3,15
4449,1951,2,19
4450,1951,2,3
4451,1951,2,1
4452,1951,1,21
4453,1951,1,3
4454,1951,0,19
4455,1950,12,31
4456,1950,12,19
4457,1950,12,16
4458,1950,11,29
4459,1950,11,25
4460,1950,11,12
4461,1950,10,28
4462,1950,10,4
4463,1950,8,6
4464,1950,0,19
4465,1950,7,27
4466,1950,7,21
4467,1950,0,19
4468,1950,7,15
4469,1950,7,10
4470,1950,7,9
4471,1950,0,19
4472,1950,6,25
4473,1950,6,6
4474,1950,5,24
4475,1950,5,1
4476,1950,4,9
4477,1950,4,9
4478,1950,3,26
4479,1950,3,8
4480,1950,3,1
4481,1950,2,18
4482,1950,2,11
4483,1950,1,16
4484,1950,1,12
4485,1950,0,19
4486,1950,0,19
4487,1950,0,19
4488,1950,0,19
4489,1950,0,19
4490,1950,0,19
4491,1950,0,19
4492,1950,0,19
4493,1950,0,19
4494,1950,0,19
4495,1950,0,19
4496,1950,0,19
4497,1950,0,19
4498,1949,0,19
4499,1949,0,19
4500,1949,11,20
4501,1949,11,12
4502,1949,8,28
4503,1949,8,28
4504,1949,8,17
4505,1949,8,16
4506,1949,8,10
4507,1949,0,7
4508,1949,7,28
4509,1949,7,25
4510,1949,7,16
4511,1949,6,13
4512,1949,5,16
4513,1949,5,13
4514,1949,4,18
4515,1949,4,17
4516,1949,4,13
4517,1949,0,19
4518,1949,1,23
4519,1949,1,14
4520,1949,1,13
4521,1949,1,5
4522,1949,0,19
4523,1949,0,19
4524,1949,0,19
4525,1949,0,19
4526,1949,0,19
4527,1949,0,19
4528,1949,0,19
4529,1948,12,27
4530,1948,12,26
4531,1948,12,14
4532,1948,12,14
4533,1948,12,10
4534,1948,12,5
4535,1948,11,18
4536,1948,9,22
4537,1948,9,19
4538,1948,9,19
4539,1848,9,17
4540,1948,9,15
4541,1948,9,2
4542,1948,8,19
4543,1948,8,3
4544,1948,0,19
4545,1948,7,1
4546,1948,6,6
4547,1948,5,10
4548,1948,4,10
4549,1948,3,13
4550,1948,3,11
4551,1948,0,19
4552,1948,2,13
4553,1948,2,12
4554,1948,1,25
4555,1948,0,19
4556,1948,0,19
4557,1948,0,19
4558,1948,0,19
4559,1947,12,21
4560,1947,12,15
4561,1947,0,19
4562,1947,11,23
4563,1947,11,14
4564,1947,11,14
4565,1947,11,8
4566,1947,11,8
4567,1947,0,19
4568,1947,10,28
4569,1947,10,10
4570,1947,8,4
4571,1947,7,27
4572,1947,7,24
4573,1947,7,15
4574,1947,0,19
4575,1947,6,27
4576,1947,6,16
4577,1947,5,13
4578,1947,4,20
4579,1947,4,11
4580,1947,4,6
4581,1947,0,19
4582,1947,3,12
4583,1947,3,9
4584,1947,2,23
4585,1947,2,6
4586,1947,0,19
4587,1947,1,14
4588,1947,1,5
4589,1946,12,28
4590,1946,12,24
4591,1946,11,20
4592,1946,10,26
4593,1946,10,14
4594,1946,8,24
4595,1946,8,18
4596,1946,7,18
4597,1946,7,18
4598,1946,6,28
4599,1946,5,9
4600,1946,4,19
4601,1946,0,19
4602,1946,3,20
4603,1946,2,16
4604,1946,2,10
4605,1946,2,10
4606,1946,1,24
4607,1946,1,24
4608,1946,1,17
4609,1946,1,7
4610,1946,1,5
4611,1946,1,1
4612,1946,0,19
4613,1946,0,19
4614,1946,0,19
4615,1945,9,23
4616,1945,9,19
4617,1945,9,16
4618,1945,9,6
4619,1945,8,19
4620,1945,8,6
4621,1945,7,30
4622,1945,0,19
4623,1945,6,15
4624,1945,5,8
4625,1945,3,6
4626,1945,2,5
4627,1945,0,19
4628,1945,0,19
4629,1945,0,19
4630,1945,0,19
4631,1944,0,18
4632,1944,12,2
4633,1944,11,8
4634,1944,11,1
4635,1944,10,26
4636,1944,10,26
4637,1944,10,25
4638,1944,10,25
4639,1944,10,24
4640,1944,10,23
4641,1944,9,3
4642,1944,0,19
4643,1944,8,20
4644,1944,7,22
4645,1944,6,23
4646,1944,5,31
4647,1944,5,24
4648,1944,5,4
4649,1944,0,19
4650,1944,3,26
4651,1944,3,26
4652,1944,3,14
4653,1944,2,27
4654,1944,2,18
4655,1944,1,20
4656,1944,1,16
4657,1944,1,14
4658,1944,1,4
4659,1944,0,19
4660,1944,0,19
4661,1944,0,19
4662,1943,12,12
4663,1943,12,4
4664,1943,11,21
4665,1943,11,11
4666,1943,10,26
4667,1943,9,23
4668,1943,0,19
4669,1943,7,18
4670,1943,0,19
4671,1943,0,19
4672,1943,6,16
4673,1943,5,27
4674,1943,5,17
4675,1943,5,17
4676,1943,5,14
4677,1943,5,1
4678,1943,0,19
4679,1943,3,21
4680,1943,3,14
4681,1943,3,2
4682,1943,3,2
4683,1943,1,26
4684,1943,0,19
4685,1943,0,19
4686,1943,0,19
4687,1943,0,19
4688,1943,0,19
4689,1943,0,19
4690,1942,12,26
4691,1942,11,28
4692,1942,11,25
4693,1942,11,16
4694,1942,11,21
4695,1942,11,13
4696,1942,11,13
4697,1942,11,12
4698,1942,11,1
4699,1942,0,19
4700,1942,0,19
4701,1942,10,12
4702,1942,9,30
4703,1942,9,12
4704,1942,9,12
4705,1942,9,11
4706,1942,0,19
4707,1942,7,12
4708,1942,7,6
4709,1942,6,11
4710,1942,6,8
4711,1942,6,4
4712,1942,0,19
4713,1942,5,9
4714,1942,4,5
4715,1942,3,8
4716,1942,3,4
4717,1942,1,18
4718,1942,1,4
4719,1942,0,19
4720,1942,0,19
4721,1942,0,19
4722,1942,0,19
4723,1942,0,19
4724,1942,0,19
4725,1942,0,19
4726,1942,0,19
4727,1942,0,19
4728,1942,0,19
4729,1942,0,19
4730,1942,0,19
4731,1941,12,7
4732,1941,12,3
4733,1941,11,27
4734,1941,11,27
4735,1941,11,25
4736,1941,11,19
4737,1941,9,25
4738,1941,8,21
4739,1941,8,5
4740,1941,8,1
4741,1941,7,22
4742,1941,7,1
4743,1941,6,15
4744,1941,0,19
4745,1941,3,24
4746,1941,3,9
4747,1941,2,13
4748,1941,2,1
4749,1941,1,29
4750,1941,0,19
4751,1941,0,19
4752,1941,0,19
4753,1941,0,19
4754,1941,0,19
4755,1941,0,19
4756,1941,0,19
4757,1941,0,19
4758,1940,12,28
4759,1940,12,20
4760,1940,12,19
4761,1940,12,10
4762,1940,0,19
4763,1940,7,13
4764,1940,7,13
4765,1940,6,30
4766,1940,3,31
4767,1940,3,20
4768,1940,2,22
4769,1940,2,20
4770,1940,0,19
4771,1940,1,29
4772,1940,1,23
4773,1940,1,15
4774,1940,1,7
4775,1940,1,1
4776,1940,0,19
4777,1940,0,19
4778,1940,0,19
4779,1940,0,19
4780,1940,0,19
4781,1940,0,19
4782,1939,12,28
4783,1939,12,14
4784,1939,11,23
4785,1939,11,11
4786,1939,11,9
4787,1939,11,6
4788,1939,11,2
4789,1939,10,25
4790,1939,10,4
4791,1939,9,27
4792,1939,8,1
4793,1939,7,18
4794,1939,7,16
4795,1939,7,14
4796,1939,5,3
4797,1939,4,12
4798,1939,3,24
4799,1939,2,26
4800,1939,2,26
4801,1939,1,12
4802,1939,0,0
4803,1939,0,19
4804,1939,0,19
4805,1939,0,19
4806,1939,0,19
4807,1938,12,27
4808,1938,10,5
4809,1938,8,29
4810,1938,8,18
4811,1938,7,18
4812,1938,7,17
4813,1938,7,17
4814,1938,7,12
4815,1938,6,17
4816,1938,6,8
4817,1938,5,26
4818,1938,5,15
4819,1938,5,2
4820,1938,3,21
4821,1938,3,8
4822,1938,1,21
4823,1938,1,18
4824,1938,1,14
4825,1938,1,2
4826,1938,0,19
4827,1938,0,19
4828,1938,0,19
4829,1938,0,19
4830,1938,0,19
4831,1937,11,13
4832,1937,11,11
4833,1937,11,6
4834,1937,10,27
4835,1937,10,27
4836,1937,10,24
4837,1937,10,24
4838,1937,9,26
4839,1937,9,12
4840,1937,9,11
4841,1937,9,1
4842,1937,8,31
4843,1937,8,16
4844,1937,8,2
4845,1937,7,16
4846,1937,7,7
4847,1937,6,28
4848,1937,6,15
4849,1937,6,15
4850,1937,5,30
4851,1937,5,15
4852,1937,3,26
4853,1937,3,9
4854,1937,2,13
4855,1937,2,11
4856,1937,2,4
4857,1937,2,3
4858,1937,0,19
4859,1937,1,27
4860,1937,0,19
4861,1936,12,30
4862,1936,12,19
4863,1936,12,15
4864,1936,12,12
4865,1936,12,1
4866,1936,11,27
4867,1936,9,11
4868,1936,9,4
4869,1936,8,24
4870,1936,8,13
4871,1936,8,11
4872,1936,8,4
4873,1936,0,19
4874,1936,7,25
4875,1936,7,12
4876,1936,7,7
4877,1936,0,19
4878,1936,6,26
4879,1936,6,6
4880,1936,4,22
4881,1936,0,8
4882,1936,3,30
4883,1936,3,12
4884,1936,3,19
4885,1936,3,4
4886,1936,2,23
4887,1936,2,20
4888,1936,2,4
4889,1936,1,22
4890,1936,1,5
4891,1936,0,19
4892,1936,0,19
4893,1935,12,23
4894,1935,11,13
4895,1935,9,21
4896,1935,9,4
4897,1935,8,26
4898,1935,8,24
4899,1935,8,13
4900,1935,7,27
4901,1935,7,27
4902,1935,7,5
4903,1935,7,1
4904,1935,6,18
4905,1935,6,5
4906,1935,0,19
4907,1935,0,19
4908,1935,5,19
4909,1935,5,12
4910,1935,4,25
4911,1935,4,12
4912,1935,4,8
4913,1935,3,30
4914,1935,3,25
4915,1935,3,20
4916,1935,3,13
4917,1935,3,11
4918,1935,3,9
4919,1935,3,2
4920,1935,2,14
4921,1935,1,24
4922,1935,1,24
4923,1935,1,21
4924,1935,1,17
4925,1934,12,31
4926,1934,12,31
4927,1934,12,23
4928,1934,10,23
4929,1934,10,9
4930,1934,10,8
4931,1934,10,22
4932,1934,9,8
4933,1934,8,27
4934,1934,8,26
4935,1934,8,26
4936,1934,8,21
4937,1934,8,5
4938,1934,7,11
4939,1934,6,21
4940,1934,6,20
4941,1934,4,15
4942,1934,4,1
4943,1934,4,1
4944,1934,4,1
4945,1934,3,12
4946,1934,0,19
4947,1934,2,24
4948,1934,2,22
4949,1934,2,8
4950,1934,1,27
4951,1934,1,7
4952,1933,11,20
4953,1933,11,18
4954,1933,10,25
4955,1933,9,27
4956,1933,8,28
4957,1933,8,28
4958,1933,8,26
4959,1933,7,7
4960,1933,7,3
4961,1933,6,21
4962,1933,6,16
4963,1933,6,13
4964,1933,5,24
4965,1933,5,23
4966,1933,6,8
4967,1933,5,3
4968,1933,4,10
4969,1933,2,26
4970,1933,2,15
4971,1933,2,14
4972,1933,2,12
4973,1933,1,4
4974,1932,12,11
4975,1932,12,9
4976,1932,11,8
4977,1932,10,31
4978,1932,10,11
4979,1932,9,26
4980,1932,8,30
4981,1932,8,30
4982,1932,8,10
4983,1932,8,9
4984,1932,8,6
4985,1932,7,14
4986,1932,7,2
4987,1932,6,28
4988,1932,6,26
4989,1932,6,20
4990,1932,5,12
4991,1932,0,19
4992,1932,4,16
4993,1932,4,16
4994,1932,2,16
4995,1932,2,13
4996,1932,2,8
4997,1932,1,27
4998,1932,1,11
4999,1932,1,6
5000,1932,0,19
5001,1931,11,26
5002,1931,9,27
5003,1931,9,21
5004,1931,9,21
5005,1931,9,2
5006,1931,8,31
5007,1931,8,30
5008,1931,8,27
5009,1931,8,25
5010,1931,8,23
5011,1931,8,18
5012,1931,8,6
5013,1931,8,1
5014,1931,7,28
5015,1931,7,15
5016,1931,6,14
5017,1931,6,13
5018,1931,6,4
5019,1931,5,2
5020,1931,4,27
5021,1931,3,22
5022,1931,3,16
5023,1931,3,6
5024,1931,2,10
5025,1931,1,24
5026,1931,1,14
5027,1931,1,7
5028,1931,0,19
5029,1931,0,19
5030,1930,12,25
5031,1930,12,13
5032,1930,12,2
5033,1930,0,19
5034,1930,11,30
5035,1930,9,26
5036,1930,0,19
5037,1930,8,31
5038,1930,8,16
5039,1930,8,6
5040,1930,7,19
5041,1930,7,11
5042,1930,6,4
5043,1930,5,27
5044,1930,5,11
5045,1930,5,11
5046,1930,4,8
5047,1930,3,7
5048,1930,2,20
5049,1930,2,15
5050,1930,2,3
5051,1930,1,22
5052,1930,1,16
5053,1930,0,19
5054,1930,0,19
5055,1930,0,19
5056,1929,12,26
5057,1929,12,21
5058,1929,12,16
5059,1929,12,13
5060,1929,12,9
5061,1929,12,3
5062,1929,11,29
5063,1929,11,21
5064,1929,10,20
5065,1929,10,2
5066,1929,9,1
5067,1929,8,5
5068,1929,7,29
5069,1929,7,17
5070,1929,6,23
5071,1929,5,31
5072,1929,4,26
5073,1929,4,17
5074,1929,4,11
5075,1929,4,9
5076,1929,4,4
5077,1929,3,16
5078,1929,3,12
5079,1929,3,4
5080,1929,3,4
5081,1929,2,18
5082,1929,2,9
5083,1929,2,8
5084,1929,1,27
5085,1929,1,14
5086,1929,1,12
5087,1929,1,6
5088,1929,1,5
5089,1929,0,19
5090,1929,0,19
5091,1929,0,19
5092,1929,0,19
5093,1929,0,19
5094,1928,12,21
5095,1928,11,18
5096,1928,11,15
5097,1928,11,12
5098,1928,11,4
5099,1928,0,19
5100,1928,8,24
5101,1928,7,11
5102,1928,0,19
5103,1928,6,24
5104,1928,5,27
5105,1928,4,14
5106,1928,4,14
5107,1928,4,9
5108,1928,4,6
5109,1928,4,4
5110,1928,3,28
5111,1928,2,20
5112,1928,0,19
5113,1928,0,19
5114,1928,1,27
5115,1928,1,21
5116,1928,1,8
5117,1928,1,2
5118,1928,0,19
5119,1928,0,19
5120,1927,12,28
5121,1927,11,3
5122,1927,10,25
5123,1927,10,12
5124,1927,0,19
5125,1927,7,3
5126,1927,5,29
5127,1927,0,9
5128,1927,4,20
5129,1927,4,8
5130,1927,3,11
5131,1927,2,14
5132,1927,2,9
5133,1927,0,19
5134,1927,1,20
5135,1927,1,8
5136,1927,1,3
5137,1927,0,19
5138,1927,0,19
5139,1926,12,2
5140,1926,11,17
5141,1926,10,29
5142,1926,10,23
5143,1926,10,23
5144,1926,9,6
5145,1926,8,24
5146,1926,7,23
5147,1926,7,12
5148,1926,7,8
5149,1926,7,3
5150,1926,5,18
5151,1926,4,22
5152,1926,4,7
5153,1926,3,17
5154,1926,1,26
5155,1926,0,19
5156,1926,0,19
5157,1926,0,19
5158,1926,0,19
5159,1926,0,19
5160,1925,11,22
5161,1925,0,19
5162,1925,0,19
5163,1925,9,4
5164,1925,9,3
5165,1925,8,2
5166,1925,6,15
5167,1925,0,19
5168,1925,3,7
5169,1925,3,12
5170,1925,3,10
5171,1925,1,27
5172,1925,1,8
5173,1925,0,19
5174,1924,11,25
5175,1924,11,24
5176,1924,11,21
5177,1924,10,31
5178,1924,10,18
5179,1924,7,31
5180,1924,7,14
5181,1924,7,4
5182,1924,6,18
5183,1924,4,25
5184,1924,4,22
5185,1924,4,20
5186,1924,3,28
5187,1924,3,24
5188,1924,2,13
5189,1924,2,8
5190,1924,1,29
5191,1924,1,25
5192,1924,1,9
5193,1923,12,12
5194,1923,12,2
5195,1923,11,23
5196,1923,11,2
5197,1923,10,20
5198,1923,10,17
5199,1923,10,16
5200,1923,8,8
5201,1923,7,2
5202,1923,6,16
5203,1923,6,6
5204,1923,5,23
5205,1923,5,22
5206,1923,3,18
5207,1923,0,19
5208,1923,1,27
5209,1923,1,27
5210,1923,1,14
5211,1923,0,19
5212,1923,0,19
5213,1923,0,19
5214,1923,0,19
5215,1922,12,14
5216,1922,12,5
5217,1922,9,29
5218,1922,10,29
5219,1922,9,28
5220,1922,9,26
5221,1922,9,21
5222,1922,7,19
5223,1922,6,17
5224,1922,0,24
5225,1922,5,6
5226,1922,4,26
5227,1922,3,20
5228,1922,3,13
5229,1922,3,2
5230,1922,2,2
5231,1922,2,4
5232,1922,1,28
5233,1922,1,15
5234,1922,1,13
5235,1922,1,4
5236,1921,12,11
5237,1921,11,27
5238,1921,11,27
5239,1921,11,15
5240,1921,10,12
5241,1921,10,4
5242,1921,0,19
5243,1929,8,29
5244,1921,8,28
5245,1921,7,21
5246,1921,1,11
5247,1920,11,29
5248,1921,8,22
5249,1920,11,22
5250,1920,11,4
5251,1920,7,14
5252,1920,7,6
5253,1920,6,29
5254,1920,6,27
5255,1920,3,8
5256,1920,1,24
5257,1920,2,3
5258,1920,1,24
5259,1920,1,15
5260,1920,0,19
5261,1920,0,19
5262,1920,0,19
5263,1919,12,30
5264,1919,12,7
5265,1919,11,18
5266,1919,9,12
5267,1919,8,10
5268,1919,5,29
5269,1919,4,6
5270,1919,3,16
5271,1919,1,17
5272,1919,1,15
5273,1919,1,9
5274,1919,1,5
5275,1919,0,19
5276,1919,0,19
5277,1918,0,19
5278,1918,0,19
5279,1918,9,19
5280,1918,3,22
5281,1918,0,19
5282,1917,12,15
5283,1917,0,19
5284,1917,9,21
5285,1917,9,9
5286,1917,0,19
5287,1917,7,18
5288,1917,7,15
5289,1917,6,3
5290,1917,5,31
5291,1917,5,5
5292,1917,0,19
5293,1916,12,30
5294,1916,12,8
5295,1916,12,8
5296,1916,11,15
5297,1916,11,10
5298,1916,11,9
5299,1916,10,11
5300,1916,8,24
5301,1916,7,26
5302,1916,7,13
5303,1916,7,13
5304,1916,7,12
5305,1916,7,12
5306,1916,7,12
5307,1916,7,11
5308,1916,7,8
5309,1916,7,7
5310,1916,7,6
5311,1916,7,1
5312,1916,6,30
5313,1916,6,24
5314,1916,6,23
5315,1916,4,25
5316,1916,4,3
5317,1916,3,19
5318,1915,12,9
5319,1915,11,10
5320,1914,11,8
5321,1915,8,3
5322,1915,7,6
5323,1915,7,6
5324,1915,5,15
5325,1915,3,29
5326,1915,2,6
5327,1915,1,13
5328,1915,1,1
5329,1915,0,19
5330,1914,12,4
5331,1914,10,17
5332,1914,9,26
5333,1914,9,9
5334,1914,7,15
5335,1914,7,9
5336,1914,7,7
5337,1914,6,13
5338,1914,6,10
5339,1914,5,31
5340,1914,5,14
5341,1914,3,14
5342,1914,3,10
5343,1914,3,3
5344,1914,2,9
5345,1914,2,3
5346,1914,1,17
5347,1914,0,19
5348,1913,12,30
5349,1913,12,26
5350,1913,11,27
5351,1913,11,21
5352,1913,9,21
5353,1913,9,3
5354,1913,8,27
5355,1913,8,27
5356,1913,8,26
5357,1913,0,12
5358,1913,7,10
5359,1913,5,21
5360,1913,5,2
5361,1913,3,27
5362,1913,0,19
5363,1913,0,19
5364,1913,0,19
5365,1913,0,19
5366,1912,11,30
5367,1912,8,30
5368,1912,7,23
5369,1912,7,6
5370,1912,5,4
5371,1912,3,18
5372,1912,2,22
5373,1912,2,19
5374,1912,2,3
5375,1912,1,26
5376,1912,1,13
5377,1912,1,6
5378,1912,1,1
5379,1912,0,19
5380,1911,11,8
5381,1911,10,26
5382,1911,10,25
5383,1911,9,23
5384,1911,9,20
5385,1911,9,17
5386,1911,7,31
5387,1911,7,16
5388,1911,5,9
5389,1911,5,1
5390,1911,5,1
5391,1911,4,8
5392,1911,3,29
5393,1911,1,4
5394,1911,0,19
5395,1911,0,19
5396,1910,12,25
5397,1910,12,23
5398,1910,11,28
5399,1910,11,24
5400,1910,6,25
5401,1910,6,8
5402,1910,5,16
5403,1910,3,31
5404,1910,3,8
5405,1910,0,19
5406,1910,2,16
5407,1910,1,26
5408,1910,0,19
5409,1910,0,19
5410,1909,11,26
5411,1909,12,15
5412,1909,12,5
5413,1909,11,14
5414,1909,9,4
5415,1909,8,13
5416,1909,7,24
5417,1909,7,15
5418,1909,6,26
5419,1909,6,26
5420,1909,6,18
5421,1909,4,27
5422,1909,4,10
5423,1909,4,9
5424,1909,3,6
5425,1909,1,17
5426,1909,0,19
5427,1909,0,19
5428,1908,12,31
5429,1908,12,16
5430,1908,9,21
5431,1908,9,5
5432,1908,8,28
5433,1908,7,18
5434,1908,7,8
5435,1908,6,18
5436,1908,6,8
5437,1908,6,2
5438,1908,5,13
5439,1908,5,10
5440,1908,1,8
5441,1907,12,21
5442,1907,10,18
5443,1907,10,16
5444,1907,10,16
5445,1907,10,14
5446,1907,10,12
5447,1907,10,8
5448,1907,9,19
5449,1907,9,11
5450,1907,8,12
5451,1907,8,12
5452,1907,8,8
5453,1907,7,14
5454,1907,7,4
5455,1907,0,19
5456,1907,4,20
5457,1907,3,26
5458,1907,3,7
5459,1907,2,9
5460,1907,2,5
5461,1907,2,3
5462,1907,0,19
5463,1907,0,19
5464,1906,11,16
5465,1906,10,10
5466,1906,10,10
5467,1906,10,10
5468,1906,10,10
5469,1906,9,27
5470,1906,9,27
5471,1906,9,5
5472,1906,0,19
5473,1906,8,20
5474,1906,8,4
5475,1906,7,5
5476,1906,0,19
5477,1906,4,27
5478,1906,4,16
5479,1906,4,14
5480,1906,0,10
5481,1906,0,2
5482,1906,2,14
5483,1906,1,28
5484,1906,1,20
5485,1905,12,31
5486,1905,12,29
5487,1905,9,29
5488,1905,9,6
5489,1905,8,24
5490,1905,0,19
5491,1905,0,19
5492,1905,7,29
5493,1905,7,25
5494,1905,7,10
5495,1905,0,19
5496,1905,5,22
5497,1905,4,6
5498,1905,3,26
5499,1905,3,25
5500,1905,2,10
5501,1905,1,1
5502,1905,0,19
5503,1904,11,2
5504,1904,10,11
5505,1904,0,19
5506,1904,0,19
5507,1904,7,28
5508,1904,7,27
5509,1904,7,1
5510,1904,2,7
5511,1904,2,4
5512,1904,1,23
5513,1904,0,19
5514,1904,0,19
5515,1904,0,19
5516,1904,0,19
5517,1903,10,4
5518,1903,9,16
5519,1903,0,19
5520,1903,6,21
5521,1903,5,4
5522,1903,3,20
5523,1903,3,12
5524,1903,1,10
5525,1903,0,19
5526,1903,0,19
5527,1902,12,22
5528,1902,11,10
5529,1902,11,1
5530,1902,8,29
5531,1902,8,24
5532,1902,8,8
5533,1902,7,15
5534,1902,7,6
5535,1902,6,2
5536,1902,0,19
5537,1902,0,19
5538,1902,2,22
5539,1902,1,25
5540,1902,1,19
5541,1902,1,19
5542,1901,12,1
5543,1901,0,19
5544,1901,9,23
5545,1901,7,30
5546,1901,7,17
5547,1901,6,29
5548,1901,6,24
5549,1901,1,30
5550,1901,0,19
5551,1900,12,27
5552,1900,11,14
5553,1900,10,27
5554,1900,9,15
5555,1900,9,13
5556,1900,9,5
5557,1900,8,21
5558,1900,7,31
5559,1900,7,14
5560,1900,0,19
5561,1900,1,28
5562,1900,0,19
5563,1900,0,19
5564,1899,12,18
5565,1899,11,20
5566,1899,10,28
5567,1899,10,12
5568,1899,10,12
5569,1899,9,11
5570,1899,8,23
5571,1899,8,15
5572,1899,8,8
5573,1899,8,8
5574,1899,8,8
5575,1899,7,8
5576,1899,6,7
5577,1899,6,2
5578,1899,5,28
5579,1899,5,4
5580,1899,1,28
5581,1899,0,18
5582,1899,0,18
5583,1899,0,18
5584,1898,12,28
5585,1898,10,28
5586,1898,9,19
5587,1898,9,19
5588,1898,9,7
5589,1898,8,22
5590,1898,7,26
5591,1898,7,15
5592,1898,7,14
5593,1898,0,18
5594,1898,6,22
5595,1898,4,13
5596,1898,0,18
5597,1898,0,18
5598,1898,0,18
5599,1898,0,18
5600,1898,0,18
5601,1898,0,18
5602,1898,0,18
5603,1898,0,18
5604,1898,0,18
5605,1897,12,4
5606,1897,10,15
5607,1897,10,5
5608,1897,9,17
5609,1897,9,6
5610,1897,7,21
5611,1897,6,9
5612,1897,3,15
5613,1897,3,15
5614,1897,0,18
5615,1897,0,18
5616,1896,0,23
5617,1896,12,20
5618,1896,12,17
5619,1896,11,29
5620,1896,11,1
5621,1896,9,11
5622,1896,7,25
5623,1896,6,21
5624,1896,1,11
5625,1896,0,18
5626,1896,0,18
5627,1895,12,9
5628,1895,11,21
5629,1895,11,16
5630,1895,9,18
5631,1895,9,14
5632,1895,0,18
5633,1895,8,11
5634,1895,0,18
5635,1895,7,16
5636,1895,6,13
5637,1895,6,3
5638,1895,5,21
5639,1895,5,3
5640,1895,4,29
5641,1895,4,23
5642,1895,3,29
5643,1895,3,15
5644,1895,2,27
5645,1895,2,23
5646,1895,0,18
5647,1894,12,11
5648,1894,11,28
5649,1894,10,6
5650,1894,9,12
5651,1894,9,6
5652,1894,9,1
5653,1894,8,21
5654,1894,8,1
5655,1894,7,15
5656,1894,6,29
5657,1894,6,25
5658,1894,6,15
5659,1894,6,15
5660,1894,4,28
5661,1894,4,28
5662,1893,10,20
5663,1893,10,16
5664,1893,7,3
5665,1893,6,22
5666,1893,6,22
5667,1893,5,23
5668,1893,5,17
5669,1893,4,15
5670,1893,4,14
5671,1893,4,4
5672,1893,1,30
5673,1893,1,18
5674,1893,0,18
5675,1892,12,15
5676,1892,11,9
5677,1892,11,6
5678,1892,9,16
5679,1892,6,24
5680,1892,6,20
5681,1892,5,19
5682,1892,4,21
5683,1892,3,25
5684,1892,3,2
5685,1892,0,18
5686,1891,12,31
5687,1891,12,22
5688,1891,11,29
5689,1891,9,14
5690,1891,8,30
5691,1891,8,29
5692,1891,6,11
5693,1891,3,10
5694,1891,1,8
5695,1890,12,30
5696,1890,12,27
5697,1890,10,25
5698,1890,8,17
5699,1890,0,18
5700,1890,8,8
5701,1890,0,6
5702,1890,6,14
5703,1890,6,2
5704,1890,5,14
5705,1890,3,3
5706,1890,2,25
5707,1890,0,18
5708,1890,0,18
5709,1890,0,18
5710,1890,0,18
5711,1890,0,18
5712,1889,11,29
5713,1889,11,22
5714,1889,11,16
5715,1889,10,3
5716,1889,7,21
5717,1889,7,19
5718,1889,7,8
5719,1889,1,31
5720,1889,0,18
5721,1888,12,25
5722,1888,12,9
5723,1888,0,18
5724,1888,10,23
5725,1888,8,14
5726,1888,8,1
5727,1888,7,20
5728,1888,7,13
5729,1888,7,4
5730,1888,6,24
5731,1888,6,18
5732,1888,2,17
5733,1888,1,22
5734,1888,0,18
5735,1888,0,18
5736,1887,12,22
5737,1887,12,4
5738,1887,10,18
5739,1887,0,18
5740,1887,9,22
5741,1887,9,11
5742,1887,7,30
5743,1887,3,12
5744,1887,2,8
5745,1887,2,8
5746,1887,1,20
5747,1887,1,12
5748,1887,0,18
5749,1886,0,18
5750,1886,0,18
5751,1886,0,18
5752,1886,6,17
5753,1886,6,2
5754,1886,5,6
5755,1886,4,26
5756,1886,4,11
5757,1886,3,6
5758,1886,0,18
5759,1886,2,13
5760,1886,1,28
5761,1886,1,26
5762,1886,1,1
5763,1886,0,18
5764,1885,11,26
5765,1885,11,26
5766,1885,8,17
5767,1885,7,26
5768,1885,7,26
5769,1885,7,26
5770,1885,4,16
5771,1885,4,9
5772,1885,3,28
5773,1884,12,13
5774,1884,12,8
5775,1884,8,28
5776,1884,8,18
5777,1884,4,28
5778,1884,1,16
5779,1884,1,14
5780,1883,12,19
5781,1883,12,18
5782,1883,10,20
5783,1883,10,19
5784,1883,9,14
5785,1883,7,5
5786,1883,2,26
5787,1883,2,25
5788,1883,1,21
5789,1883,0,18
5790,1883,0,18
5791,1883,0,18
5792,1883,0,18
5793,1882,12,3
5794,1882,11,12
5795,1882,11,12
5796,1882,0,18
5797,1882,5,14
5798,1882,5,12
5799,1882,4,15
5800,1882,2,7
5801,1882,1,23
5802,1882,1,5
5803,1882,0,18
5804,1882,0,18
5805,1881,11,13
5806,1881,10,16
5807,1881,9,5
5808,1881,8,16
5809,1881,8,12
5810,1881,7,25
5811,1881,6,13
5812,1881,0,18
5813,1881,0,18
5814,1880,11,25
5815,1880,10,10
5816,1880,8,8
5817,1880,7,25
5818,1880,5,15
5819,1880,5,14
5820,1880,5,7
5821,1880,5,2
5822,1880,5,2
5823,1880,1,22
5824,1880,1,3
5825,1880,0,18
5826,1880,0,18
5827,1880,0,18
5828,1880,0,18
5829,1879,12,24
5830,1879,11,10
5831,1879,9,22
5832,1879,8,30
5833,1879,0,18
5834,1879,3,19
5835,1879,3,10
5836,1879,0,18
5837,1878,11,17
5838,1878,10,24
5839,1878,10,13
5840,1878,9,14
5841,1878,9,2
5842,1878,9,2
5843,1878,8,9
5844,1878,8,8
5845,1978,6,10
5846,1878,0,30
5847,1878,2,13
5848,1878,2,2
5849,1878,0,18
5850,1877,12,15
5851,1877,12,15
5852,1877,12,12
5853,1877,9,15
5854,1877,8,28
5855,1877,4,7
5856,1877,4,4
5857,1877,3,16
5858,1877,3,11
5859,1877,2,17
5860,1877,1,28
5861,1877,1,24
5862,1877,1,4
5863,1878,0,18
5864,1876,10,13
5865,1876,9,7
5866,1876,6,4
5867,1876,5,14
5868,1876,2,6
5869,1876,0,18
5870,1876,0,18
5871,1876,0,18
5872,1876,0,18
5873,1875,11,27
5874,1875,8,10
5875,1875,3,3
5876,1875,1,20
5877,1874,11,21
5878,1870,0,18
5879,1874,11,14
5880,1874,7,23
5881,1874,7,15
5882,1874,7,15
5883,1874,0,18
5884,1874,6,15
5885,1874,6,15
5886,1874,0,18
5887,1874,4,20
5888,1874,0,18
5889,1874,0,9
5890,1873,7,28
5891,1873,6,9
5892,1873,1,9
5893,1873,0,18
5894,1872,11,30
5895,1872,11,24
5896,1872,10,10
5897,1872,8,7
5898,1872,4,3
5899,1872,2,26
5900,1872,1,28
5901,1872,0,18
5902,1871,12,11
5903,1871,8,29
5904,1871,0,18
5905,1871,5,22
5906,1871,0,13
5907,1871,3,24
5908,1871,0,18
5909,1871,0,18
5910,1871,0,18
5911,1870,7,27
5912,1870,6,19
5913,1870,6,1
5914,1870,5,26
5915,1870,5,18
5916,1870,5,11
5917,1870,1,9
5918,1870,0,18
5919,1869,4,15
5920,1869,4,10
5921,1868,9,1
5922,1868,5,13
5923,1868,1,17
5924,1868,1,4
5925,1888,10,24
5926,1868,0,18
5927,1867,8,22
5928,1867,0,18
5929,1867,6,26
5930,1867,1,26
5931,1867,0,18
5932,1866,7,9
5933,1866,4,24
5934,1865,9,2
5935,1865,7,14
5936,1865,3,1
5937,1865,0,18
5938,1864,10,2
5939,1864,9,18
5940,1864,0,18
5941,1864,8,12
5942,1864,0,18
5943,1864,7,25
5944,1864,0,18
5945,1864,4,9
5946,1864,0,18
5947,1864,1,27
5948,1864,1,16
5949,1864,1,2
5950,1864,0,18
5951,1864,0,18
5952,1863,12,14
5953,1863,9,13
5954,1863,7,9
5955,1863,0,18
5956,1863,3,5
5957,1863,2,5
5958,1863,1,10
5959,1863,0,18
5960,1863,0,18
5961,1863,0,18
5962,1863,0,18
5963,1862,12,22
5964,1862,12,19
5965,1862,12,4
5966,1862,8,15
5967,1862,8,2
5968,1862,7,25
5969,1862,7,14
5970,1862,7,13
5971,1862,6,3
5972,1862,5,5
5973,1862,0,18
5974,1862,0,18
5975,1861,11,10
5976,1861,9,25
5977,1861,0,18
5978,1861,2,12
5979,1861,1,15
5980,1860,12,26
5981,1860,0,18
5982,1860,8,1
5983,1860,0,18
5984,1860,0,18
5985,1860,3,27
5986,1860,3,11
5987,1859,3,16
5988,1858,8,23
5989,1858,8,17
5990,1858,4,4
5991,1858,3,14
5992,1858,0,14
5993,1858,1,9
5994,1857,5,5
5995,1856,11,25
5996,1856,11,20
5997,1856,6,21
5998,1856,2,6
5999,1855,11,11
6000,1855,9,30
6001,1855,7,28
6002,1855,4,9
6003,1855,3,28
6004,1855,2,12
6005,1855,0,18
6006,1853,11,8
6007,1853,0,28
6008,1853,7,13
6009,1853,4,29
6010,1853,0,18
6011,1853,0,18
6012,1853,0,18
6013,1853,0,18
6014,1852,12,19
6015,1852,10,23
6016,1852,10,9
6017,1852,8,7
6018,1852,0,18
6019,1952,7,28
6020,1852,5,24
6021,1852,2,26
6022,1850,1,22
6023,1852,0,18
6024,1851,6,16
6025,1851,0,18
6026,1851,0,18
6027,1850,10,21
6028,1850,0,18
6029,1849,12,9
6030,1849,12,1
6031,1849,10,4
6032,1849,9,19
6033,1849,6,8
6034,1849,6,8
6035,1849,1,27
6036,1848,8,31
6037,1848,7,17
6038,1848,0,18
6039,1847,11,30
6040,1847,9,10
6041,1847,7,19
6042,1847,7,3
6043,1847,3,11
6044,1847,2,12
6045,1847,0,18
6046,1847,0,18
6047,1847,0,18
6048,1846,12,8
6049,1846,9,30
6050,1846,8,20
6051,1845,12,26
6052,1845,11,4
6053,1845,9,16
6054,1845,9,10
6055,1845,7,31
6056,1845,0,18
6057,1844,7,20
6058,1844,0,18
6059,1844,5,24
6060,1844,0,18
6061,1842,7,13
6062,1842,7,6
6063,1842,0,18
6064,1842,0,18
6065,1841,3,27
6066,1840,0,18
6067,1840,9,18
6068,1840,7,22
6069,1840,4,9
6070,1840,0,18
6071,1839,11,17
6072,1839,4,14
6073,1839,0,18
6074,1839,0,18
6075,1837,9,9
6076,1837,0,18
6077,1837,1,17
6078,1837,0,18
6079,1836,8,19
6080,1836,0,18
6081,1836,0,18
6082,1835,2,21
6083,1835,1,6
6084,1834,7,15
6085,1832,6,4
6086,1832,1,23
6087,1831,8,24
6088,1831,0,22
6089,1830,7,26
6090,1830,7,2
6091,1830,4,30
6092,1830,4,22
6093,1829,7,3
6094,1829,6,10
6095,1829,0,18
6096,1828,9,28
6097,1828,0,18
6098,1827,0,18
6099,1827,0,18
6100,1827,0,18
6101,1826,0,18
6102,1826,0,18
6103,1826,8,28
6104,1826,8,15
6105,1826,5,20
6106,1820,0,18
6107,1825,0,18
6108,1823,12,30
6109,1822,4,15
6110,1819,7,8
6111,1818,5,22
6112,1817,6,24
6113,1817,6,15
6114,1817,5,11
6115,1817,2,22
6116,1816,0,3
6117,1815,0,18
6118,1812,0,18
6119,1811,3,1
6120,1810,9,15
6121,1808,12,25
6122,1808,5,1
6123,1808,2,7
6124,1807,1,12
6125,1806,0,24
6126,1805,0,18
6127,1804,2,26
6128,1803,0,17
6129,1803,0,18
6130,1802,0,13
6131,1801,12,18
6132,1800,0,18
6133,1797,0,28
6134,1792,9,12
6135,1791,0,17
6136,1788,5,10
6137,1787,7,5
6138,1786,8,10
6139,1785,9,26
6140,1784,12,12
6141,1783,3,2
6142,1780,8,8
6143,1779,0,17
6144,1776,0,17
6145,1776,0,17
6146,1771,7,12
6147,1767,0,17
6148,1764,0,17
6149,1758,0,17
6150,1753,10,27
6151,1751,7,27
6152,1749,0,17
6153,1755,0,17
6154,1748,0,17
6155,1742,12,17
6156,1738,4,6
6157,1733,0,17
6158,1723,0,17
6159,1721,0,17
6160,1703,3,26
6161,1700,0,17
6162,1700,0,17
6163,1700,0,17
6164,1600,0,16
6165,1638,0,16
6166,1637,0,16
6167,1617,0,16
6168,1642,0,16
6169,1595,0,15
6170,1580,1,10
6171,1555,0,15
6172,1554,0,15
6173,1543,0,15
6174,0,0,50
6175,0,0,77
6176,0,0,0
6177,0,0,21
6178,0,0,33
6179,0,0,49
6180,0,0,72
6181,1939,0,19
6182,1990,0,19
6183,2016,0,20
6184,2009,0,20
6185,1934,0,19
6186,1934,0,19
6187,2009,0,20
6188,1930,0,19
6189,1880,0,18
6190,1909,0,19
6191,2012,0,20
6192,1916,0,19
6193,1951,0,19
6194,1908,0,19
6195,1900,0,19
6196,1876,0,18
6197,2012,0,20
6198,2011,0,20
6199,2011,0,20
6200,2009,0,20
6201,1994,0,19
6202,1963,0,19
6203,1896,0,18
6204,1936,0,19
6205,1912,6,8
6206,2012,0,20
6207,1911,0,19
6208,1901,0,19
6209,1960,0,19
6210,2006,0,20
6211,2003,0,20
6212,2004,0,20
6213,1962,0,19
6214,1950,0,19
6215,1963,0,19
6216,2003,0,20
6217,0,0,0
6218,0,0,0
6219,1998,0,19
6220,1996,0,19
6221,1995,0,19
6222,1996,0,19
6223,1989,0,19
6224,1987,0,19
6225,1987,0,19
6226,1975,0,19
6227,1975,0,19
6228,1969,0,19
6229,1967,0,19
6230,1963,0,19
6231,1965,0,19
6232,1963,0,19
6233,1902,0,19
6234,1902,0,19
6235,1963,0,19
6236,1926,0,19
6237,1963,0,19
6238,1962,0,19
6239,1962,0,19
6240,1961,0,19
6241,1960,0,19
6242,1960,0,19
6243,1960,0,19
6244,1960,0,19
6245,1959,6,19
6246,1959,0,24
6247,1958,0,19
6248,1958,0,19
6249,1958,0,19
6250,1958,0,19
6251,1958,0,19
6252,1958,0,19
6253,1957,0,19
6254,1957,0,19
6255,1956,0,19
6256,1956,0,19
6257,1956,0,19
6258,1952,0,19
6259,1941,0,19
6260,1943,0,19
6261,0,0,0
6262,1941,0,19
6263,1941,0,19
6264,1941,0,19
6265,1941,0,19
6266,1940,0,19
6267,1940,0,19
6268,1940,0,19
6269,1940,0,19
6270,1905,0,19
6271,0,0,0
6272,0,0,0
6273,1905,0,19
6274,1938,0,19
6275,0,0,0
6276,1930,0,19
6277,1927,0,19
6278,1918,0,19
6279,0,0,0
6280,0,0,0
6281,0,0,0
6282,1920,0,19
6283,1921,0,19
6284,1911,0,19
6285,1921,0,19
6286,1921,0,19
6287,1917,0,19
6288,1916,7,17
6289,1913,7,19
6290,1913,7,19
6291,1911,0,19
6292,1862,0,18
6293,1906,0,19
6294,1906,0,19
6295,1906,0,19
6296,1906,0,19
6297,1903,0,19
6298,1903,0,19
6299,1900,0,19
6300,1883,0,18
6301,1845,0,18
